-- phpMyAdmin SQL Dump
-- version 4.9.2
-- https://www.phpmyadmin.net/
--
-- Host: 127.0.0.1:3306
-- Generation Time: Sep 08, 2021 at 07:36 PM
-- Server version: 10.4.10-MariaDB
-- PHP Version: 5.6.40

SET SQL_MODE = "NO_AUTO_VALUE_ON_ZERO";
SET AUTOCOMMIT = 0;
START TRANSACTION;
SET time_zone = "+00:00";


/*!40101 SET @OLD_CHARACTER_SET_CLIENT=@@CHARACTER_SET_CLIENT */;
/*!40101 SET @OLD_CHARACTER_SET_RESULTS=@@CHARACTER_SET_RESULTS */;
/*!40101 SET @OLD_COLLATION_CONNECTION=@@COLLATION_CONNECTION */;
/*!40101 SET NAMES utf8mb4 */;

--
-- Database: `swim-recommender-sample`
--
CREATE DATABASE IF NOT EXISTS `swim-recommender-sample` DEFAULT CHARACTER SET utf8 COLLATE utf8_general_ci;
USE `swim-recommender-sample`;

-- --------------------------------------------------------

--
-- Table structure for table `category`
--

DROP TABLE IF EXISTS `category`;
CREATE TABLE IF NOT EXISTS `category` (
  `id` int(11) NOT NULL AUTO_INCREMENT,
  `name` varchar(200) COLLATE utf8_bin NOT NULL COMMENT 'Name of the category group.',
  PRIMARY KEY (`id`)
) ENGINE=InnoDB AUTO_INCREMENT=8 DEFAULT CHARSET=utf8 COLLATE=utf8_bin;

--
-- Dumping data for table `category`
--

INSERT INTO `category` (`id`, `name`) VALUES
(1, 'Storage'),
(2, 'Flows'),
(3, 'Agriculture'),
(4, 'Summary'),
(5, 'Urban'),
(6, 'Economics'),
(7, 'Allocation');

-- --------------------------------------------------------

--
-- Table structure for table `explicit_log`
--

DROP TABLE IF EXISTS `explicit_log`;
CREATE TABLE IF NOT EXISTS `explicit_log` (
  `id` int(11) NOT NULL AUTO_INCREMENT,
  `item_id` int(11) NOT NULL,
  `role_id` int(11) NOT NULL,
  `rank_value` int(11) NOT NULL COMMENT 'Value from 1 to 5 that was explicitly assigned by a user.',
  `user_id` int(11) DEFAULT NULL COMMENT 'Direct user identifier.',
  `timestamp` timestamp NOT NULL DEFAULT current_timestamp() COMMENT 'When the item was ranked',
  `run_id` varchar(60) COLLATE utf8_bin DEFAULT NULL COMMENT 'Unique identifier for the scientific model run',
  PRIMARY KEY (`id`),
  KEY `fk_explicit_log_item1_idx` (`item_id`),
  KEY `fk_explicit_log_role1_idx` (`role_id`)
) ENGINE=InnoDB AUTO_INCREMENT=163 DEFAULT CHARSET=utf8 COLLATE=utf8_bin;

--
-- Dumping data for table `explicit_log`
--

INSERT INTO `explicit_log` (`id`, `item_id`, `role_id`, `rank_value`, `user_id`, `timestamp`, `run_id`) VALUES
(8, 1, 8, 2, 0, '2021-02-11 17:48:06', '21876c5b-d436-4ac7-8a0a-91900f144b0b'),
(9, 3, 8, 4, 0, '2021-02-11 17:48:06', '21876c5b-d436-4ac7-8a0a-91900f144b0b'),
(10, 3, 8, 3, 0, '2021-02-11 17:52:15', '21876c5b-d436-4ac7-8a0a-91900f144b0b'),
(11, 4, 8, 4, 0, '2021-02-11 18:16:36', '21876c5b-d436-4ac7-8a0a-91900f144b0b'),
(12, 1, 8, 3, 0, '2021-02-11 18:27:56', '21876c5b-d436-4ac7-8a0a-91900f144b0b'),
(13, 4, 8, 2, 0, '2021-02-11 18:33:02', '21876c5b-d436-4ac7-8a0a-91900f144b0b'),
(14, 1, 8, 3, 0, '2021-02-11 18:33:02', '21876c5b-d436-4ac7-8a0a-91900f144b0b'),
(15, 3, 8, 3, 0, '2021-02-11 18:35:02', '21876c5b-d436-4ac7-8a0a-91900f144b0b'),
(16, 4, 8, 5, 0, '2021-02-11 18:35:03', '21876c5b-d436-4ac7-8a0a-91900f144b0b'),
(17, 1, 8, 4, 0, '2021-02-11 18:35:57', '21876c5b-d436-4ac7-8a0a-91900f144b0b'),
(18, 4, 8, 2, 0, '2021-02-11 18:47:38', '21876c5b-d436-4ac7-8a0a-91900f144b0b'),
(19, 14, 8, 3, 0, '2021-02-11 18:47:38', '21876c5b-d436-4ac7-8a0a-91900f144b0b'),
(20, 1, 8, 4, 0, '2021-02-11 19:33:29', '21876c5b-d436-4ac7-8a0a-91900f144b0b'),
(21, 4, 8, 2, 0, '2021-02-11 19:33:29', '21876c5b-d436-4ac7-8a0a-91900f144b0b'),
(22, 3, 8, 2, 0, '2021-02-11 19:33:29', '21876c5b-d436-4ac7-8a0a-91900f144b0b'),
(23, 4, 8, 3, 0, '2021-02-11 19:34:07', '21876c5b-d436-4ac7-8a0a-91900f144b0b'),
(24, 3, 8, 3, 0, '2021-02-11 19:34:07', '21876c5b-d436-4ac7-8a0a-91900f144b0b'),
(25, 1, 8, 3, 0, '2021-02-11 19:34:07', '21876c5b-d436-4ac7-8a0a-91900f144b0b'),
(26, 13, 8, 2, 0, '2021-02-11 19:45:13', '21876c5b-d436-4ac7-8a0a-91900f144b0b'),
(27, 15, 8, 2, 0, '2021-02-11 19:52:20', '21876c5b-d436-4ac7-8a0a-91900f144b0b'),
(28, 12, 8, 2, 0, '2021-02-11 19:52:37', '21876c5b-d436-4ac7-8a0a-91900f144b0b'),
(52, 9, 4, 3, 0, '2021-02-17 16:27:20', '06ce4918-66a2-488f-b640-e34e1ba2706f'),
(53, 5, 3, 4, 0, '2021-02-17 16:53:57', '06ce4918-66a2-488f-b640-e34e1ba2706f'),
(54, 11, 1, 3, 0, '2021-02-17 18:31:13', '06ce4918-66a2-488f-b640-e34e1ba2706f'),
(55, 10, 1, 3, 0, '2021-02-17 18:32:00', '06ce4918-66a2-488f-b640-e34e1ba2706f'),
(56, 7, 4, 5, 0, '2021-02-17 18:46:09', '21876c5b-d436-4ac7-8a0a-91900f144b0b'),
(57, 27, 3, 3, 0, '2021-02-19 18:44:38', 'b7be0e7f-0f61-4cad-b07d-4eaec2ed2e0b'),
(58, 70, 3, 2, 0, '2021-02-19 18:49:24', 'b7be0e7f-0f61-4cad-b07d-4eaec2ed2e0b'),
(59, 45, 3, 4, 0, '2021-02-19 18:55:31', 'b7be0e7f-0f61-4cad-b07d-4eaec2ed2e0b'),
(63, 22, 4, 4, 0, '2021-02-22 23:45:49', 'b7be0e7f-0f61-4cad-b07d-4eaec2ed2e0b'),
(64, 75, 1, 1, 0, '2021-02-24 23:12:24', 'b7be0e7f-0f61-4cad-b07d-4eaec2ed2e0b'),
(65, 80, 1, 1, 0, '2021-02-24 23:13:03', 'b7be0e7f-0f61-4cad-b07d-4eaec2ed2e0b'),
(66, 40, 1, 4, 0, '2021-02-24 23:13:58', 'b7be0e7f-0f61-4cad-b07d-4eaec2ed2e0b'),
(75, 1, 5, 5, 0, '2021-03-28 01:33:27', '3733d4ed-8d00-4065-aad0-8f63ea9c6b1a'),
(76, 3, 5, 5, 0, '2021-03-28 01:33:27', '3733d4ed-8d00-4065-aad0-8f63ea9c6b1a'),
(77, 4, 5, 4, 0, '2021-03-28 01:33:27', '3733d4ed-8d00-4065-aad0-8f63ea9c6b1a'),
(78, 5, 5, 2, 0, '2021-03-29 23:07:55', '899b2b64-a7f1-45bd-9cb8-f97faeda3965'),
(79, 12, 5, 3, 0, '2021-03-29 23:07:55', '899b2b64-a7f1-45bd-9cb8-f97faeda3965'),
(80, 8, 5, 3, 0, '2021-03-29 23:07:55', '899b2b64-a7f1-45bd-9cb8-f97faeda3965'),
(81, 75, 1, 5, 0, '2021-04-11 22:18:27', '53499915-3ac7-4677-a928-c277b49e401f'),
(82, 77, 1, 3, 0, '2021-04-11 22:24:03', '53499915-3ac7-4677-a928-c277b49e401f'),
(83, 78, 1, 3, 0, '2021-04-11 22:25:06', '53499915-3ac7-4677-a928-c277b49e401f'),
(84, 80, 1, 3, 0, '2021-04-11 22:26:46', '53499915-3ac7-4677-a928-c277b49e401f'),
(85, 83, 1, 3, 0, '2021-04-18 23:52:39', '53499915-3ac7-4677-a928-c277b49e401f'),
(86, 76, 1, 5, 0, '2021-04-19 23:28:40', '51dbd188-69a7-4d60-8b27-5fb56a214777'),
(87, 18, 1, 3, 0, '2021-04-19 23:46:18', '51dbd188-69a7-4d60-8b27-5fb56a214777'),
(88, 40, 1, 5, 0, '2021-04-19 23:46:18', '51dbd188-69a7-4d60-8b27-5fb56a214777'),
(89, 75, 4, 1, 0, '2021-04-21 20:06:44', 'f26d25cc-015b-44ec-8a28-dab9a76fa60c'),
(90, 26, 4, 1, 0, '2021-04-21 20:16:25', 'f26d25cc-015b-44ec-8a28-dab9a76fa60c'),
(91, 70, 4, 2, 0, '2021-04-21 20:19:40', 'f26d25cc-015b-44ec-8a28-dab9a76fa60c'),
(92, 42, 4, 1, 0, '2021-04-21 20:20:56', 'f26d25cc-015b-44ec-8a28-dab9a76fa60c'),
(93, 43, 4, 2, 0, '2021-04-21 20:22:15', 'f26d25cc-015b-44ec-8a28-dab9a76fa60c'),
(94, 87, 4, 2, 0, '2021-04-21 20:29:43', 'f26d25cc-015b-44ec-8a28-dab9a76fa60c'),
(95, 28, 4, 1, 0, '2021-04-21 20:36:43', 'f26d25cc-015b-44ec-8a28-dab9a76fa60c'),
(96, 88, 4, 1, 0, '2021-04-21 20:37:18', 'f26d25cc-015b-44ec-8a28-dab9a76fa60c'),
(97, 62, 4, 2, 0, '2021-04-21 20:42:40', 'f26d25cc-015b-44ec-8a28-dab9a76fa60c'),
(98, 41, 4, 2, 0, '2021-04-21 20:45:37', 'f26d25cc-015b-44ec-8a28-dab9a76fa60c'),
(99, 77, 4, 2, 0, '2021-04-21 21:01:00', 'f26d25cc-015b-44ec-8a28-dab9a76fa60c'),
(100, 16, 4, 1, 0, '2021-04-21 21:04:21', 'f26d25cc-015b-44ec-8a28-dab9a76fa60c'),
(101, 74, 4, 3, 0, '2021-04-21 21:05:52', 'f26d25cc-015b-44ec-8a28-dab9a76fa60c'),
(102, 25, 4, 2, 0, '2021-04-21 21:07:42', 'f26d25cc-015b-44ec-8a28-dab9a76fa60c'),
(103, 80, 4, 2, 0, '2021-04-21 21:08:15', 'f26d25cc-015b-44ec-8a28-dab9a76fa60c'),
(104, 40, 4, 4, 0, '2021-04-21 21:11:44', 'f26d25cc-015b-44ec-8a28-dab9a76fa60c'),
(105, 86, 4, 4, 0, '2021-04-21 21:13:38', 'f26d25cc-015b-44ec-8a28-dab9a76fa60c'),
(106, 85, 4, 3, 0, '2021-04-21 21:16:25', 'f26d25cc-015b-44ec-8a28-dab9a76fa60c'),
(107, 39, 4, 3, 0, '2021-04-21 21:28:56', 'f26d25cc-015b-44ec-8a28-dab9a76fa60c'),
(108, 34, 1, 3, 0, '2021-04-21 22:06:05', '5e2e6fe5-2885-4e1c-b267-5d1e2a1b0e3c'),
(109, 29, 1, 3, 0, '2021-04-21 22:06:05', '5e2e6fe5-2885-4e1c-b267-5d1e2a1b0e3c'),
(110, 32, 1, 3, 0, '2021-04-21 22:07:34', '5e2e6fe5-2885-4e1c-b267-5d1e2a1b0e3c'),
(111, 22, 1, 4, 0, '2021-04-21 22:10:14', '5e2e6fe5-2885-4e1c-b267-5d1e2a1b0e3c'),
(112, 19, 4, 4, 0, '2021-04-21 22:13:49', 'f26d25cc-015b-44ec-8a28-dab9a76fa60c'),
(113, 21, 4, 4, 0, '2021-04-21 22:16:13', 'f26d25cc-015b-44ec-8a28-dab9a76fa60c'),
(114, 48, 4, 2, 0, '2021-04-21 22:19:35', 'f26d25cc-015b-44ec-8a28-dab9a76fa60c'),
(115, 45, 4, 2, 0, '2021-04-21 22:21:00', 'f26d25cc-015b-44ec-8a28-dab9a76fa60c'),
(116, 20, 4, 2, 0, '2021-04-21 22:22:24', 'f26d25cc-015b-44ec-8a28-dab9a76fa60c'),
(117, 66, 4, 2, 0, '2021-04-21 22:28:03', 'f26d25cc-015b-44ec-8a28-dab9a76fa60c'),
(118, 47, 4, 2, 0, '2021-04-21 22:29:05', 'f26d25cc-015b-44ec-8a28-dab9a76fa60c'),
(119, 44, 4, 3, 0, '2021-04-21 22:31:11', 'f26d25cc-015b-44ec-8a28-dab9a76fa60c'),
(120, 46, 4, 4, 0, '2021-04-21 22:32:33', 'f26d25cc-015b-44ec-8a28-dab9a76fa60c'),
(121, 41, 1, 5, 0, '2021-04-21 23:44:57', 'fcde0f45-74ec-40b5-b9b5-8a82e85e0f20'),
(138, 48, 1, 3, 0, '2021-05-17 23:00:56', '92dccf21-36d4-4b64-af42-44c1ee095326'),
(139, 25, 1, 2, 0, '2021-05-17 23:00:56', '92dccf21-36d4-4b64-af42-44c1ee095326'),
(140, 27, 1, 4, 0, '2021-05-17 23:12:55', '92dccf21-36d4-4b64-af42-44c1ee095326'),
(141, 43, 1, 5, 0, '2021-05-18 15:50:00', '92dccf21-36d4-4b64-af42-44c1ee095326'),
(142, 19, 1, 3, 0, '2021-05-18 15:50:55', '92dccf21-36d4-4b64-af42-44c1ee095326'),
(143, 21, 1, 5, 0, '2021-05-18 15:53:39', '92dccf21-36d4-4b64-af42-44c1ee095326'),
(144, 23, 4, 2, 0, '2021-06-03 17:50:07', '57fa6388-0150-4b74-97d6-8c1a66c9d504'),
(145, 29, 4, 4, 0, '2021-06-03 17:58:07', '57fa6388-0150-4b74-97d6-8c1a66c9d504'),
(146, 24, 5, 4, 0, '2021-06-03 20:05:48', '57fa6388-0150-4b74-97d6-8c1a66c9d504'),
(147, 34, 5, 3, 0, '2021-06-03 20:06:13', '57fa6388-0150-4b74-97d6-8c1a66c9d504'),
(148, 38, 1, 3, 0, '2021-06-06 17:24:55', '91522970-45d4-41ed-80fa-64b3fa1f4711'),
(149, 46, 1, 5, 0, '2021-06-06 18:01:09', '91522970-45d4-41ed-80fa-64b3fa1f4711'),
(150, 28, 1, 3, 0, '2021-06-06 18:32:18', '91522970-45d4-41ed-80fa-64b3fa1f4711'),
(151, 37, 1, 3, 0, '2021-06-06 18:32:18', '91522970-45d4-41ed-80fa-64b3fa1f4711'),
(152, 39, 1, 3, 0, '2021-06-06 18:32:18', '91522970-45d4-41ed-80fa-64b3fa1f4711'),
(153, 70, 1, 3, 0, '2021-06-06 19:48:49', 'ee429ee2-06fc-4416-8233-3ad5fd3087a2'),
(154, 1, 1, 4, 0, '2021-06-07 16:56:10', '899b2b64-a7f1-45bd-9cb8-f97faeda3965'),
(155, 14, 1, 2, 0, '2021-06-07 17:09:22', '899b2b64-a7f1-45bd-9cb8-f97faeda3965'),
(156, 2, 1, 4, 0, '2021-06-12 23:33:37', '51a4f509-ed31-4b24-8bc4-0413c3f7a379'),
(159, 27, 5, 3, 0, '2021-06-28 15:33:46', '4927520b-69ec-40b9-8d6d-3e1fc2031850'),
(160, 25, 5, 3, 0, '2021-06-28 15:33:46', '4927520b-69ec-40b9-8d6d-3e1fc2031850'),
(161, 75, 5, 5, 0, '2021-06-28 16:16:42', '7feaaa6a-0eb4-48a7-97e1-23e78db71a1a'),
(162, 26, 5, 5, 0, '2021-06-28 16:16:42', '7feaaa6a-0eb4-48a7-97e1-23e78db71a1a');

-- --------------------------------------------------------

--
-- Table structure for table `hush`
--

DROP TABLE IF EXISTS `hush`;
CREATE TABLE IF NOT EXISTS `hush` (
  `id` int(11) NOT NULL AUTO_INCREMENT,
  `value` varchar(200) COLLATE utf8_bin NOT NULL COMMENT 'secret key access key for locked endpoints',
  PRIMARY KEY (`id`)
) ENGINE=InnoDB AUTO_INCREMENT=2 DEFAULT CHARSET=utf8 COLLATE=utf8_bin;

--
-- Dumping data for table `hush`
--

INSERT INTO `hush` (`id`, `value`) VALUES
(1, '/jVdfUX+u/Kn3qPY4+ahjwQgyV5UhkM5cdh1i2xhozE=');

-- --------------------------------------------------------

--
-- Table structure for table `implicit_log`
--

DROP TABLE IF EXISTS `implicit_log`;
CREATE TABLE IF NOT EXISTS `implicit_log` (
  `id` int(11) NOT NULL AUTO_INCREMENT,
  `item_id` int(11) NOT NULL,
  `role_id` int(11) NOT NULL,
  `user_id` int(11) DEFAULT NULL COMMENT 'Direct user identifier',
  `timestamp` timestamp NOT NULL DEFAULT current_timestamp() COMMENT 'When was the item viewed.',
  `run_id` varchar(60) COLLATE utf8_bin DEFAULT NULL COMMENT 'Identifier of the scientific model execution.',
  PRIMARY KEY (`id`),
  KEY `fk_nav_log_role1_idx` (`role_id`),
  KEY `fk_implicit_log_item1_idx` (`item_id`)
) ENGINE=InnoDB AUTO_INCREMENT=1613 DEFAULT CHARSET=utf8 COLLATE=utf8_bin;

--
-- Dumping data for table `implicit_log`
--

INSERT INTO `implicit_log` (`id`, `item_id`, `role_id`, `user_id`, `timestamp`, `run_id`) VALUES
(985, 6, 8, 0, '2021-02-11 17:31:51', '21876c5b-d436-4ac7-8a0a-91900f144b0b'),
(986, 10, 8, 0, '2021-02-11 17:32:14', '21876c5b-d436-4ac7-8a0a-91900f144b0b'),
(987, 3, 8, 0, '2021-02-11 17:47:58', '21876c5b-d436-4ac7-8a0a-91900f144b0b'),
(988, 1, 8, 0, '2021-02-11 17:47:58', '21876c5b-d436-4ac7-8a0a-91900f144b0b'),
(989, 3, 8, 0, '2021-02-11 17:52:03', '21876c5b-d436-4ac7-8a0a-91900f144b0b'),
(990, 3, 8, 0, '2021-02-11 18:13:27', '21876c5b-d436-4ac7-8a0a-91900f144b0b'),
(991, 3, 8, 0, '2021-02-11 18:14:44', '21876c5b-d436-4ac7-8a0a-91900f144b0b'),
(992, 4, 8, 0, '2021-02-11 18:16:31', '21876c5b-d436-4ac7-8a0a-91900f144b0b'),
(993, 4, 8, 0, '2021-02-11 18:18:14', '21876c5b-d436-4ac7-8a0a-91900f144b0b'),
(994, 1, 8, 0, '2021-02-11 18:18:14', '21876c5b-d436-4ac7-8a0a-91900f144b0b'),
(995, 1, 8, 0, '2021-02-11 18:27:40', '21876c5b-d436-4ac7-8a0a-91900f144b0b'),
(996, 1, 8, 0, '2021-02-11 18:28:08', '21876c5b-d436-4ac7-8a0a-91900f144b0b'),
(997, 14, 8, 0, '2021-02-11 18:28:08', '21876c5b-d436-4ac7-8a0a-91900f144b0b'),
(998, 1, 8, 0, '2021-02-11 18:32:11', '21876c5b-d436-4ac7-8a0a-91900f144b0b'),
(999, 4, 8, 0, '2021-02-11 18:32:12', '21876c5b-d436-4ac7-8a0a-91900f144b0b'),
(1000, 1, 8, 0, '2021-02-11 18:33:48', '21876c5b-d436-4ac7-8a0a-91900f144b0b'),
(1001, 4, 8, 0, '2021-02-11 18:33:48', '21876c5b-d436-4ac7-8a0a-91900f144b0b'),
(1002, 3, 8, 0, '2021-02-11 18:33:48', '21876c5b-d436-4ac7-8a0a-91900f144b0b'),
(1003, 3, 8, 0, '2021-02-11 18:34:31', '21876c5b-d436-4ac7-8a0a-91900f144b0b'),
(1004, 1, 8, 0, '2021-02-11 18:34:31', '21876c5b-d436-4ac7-8a0a-91900f144b0b'),
(1005, 4, 8, 0, '2021-02-11 18:34:31', '21876c5b-d436-4ac7-8a0a-91900f144b0b'),
(1006, 3, 8, 0, '2021-02-11 18:35:05', '21876c5b-d436-4ac7-8a0a-91900f144b0b'),
(1007, 1, 8, 0, '2021-02-11 18:35:05', '21876c5b-d436-4ac7-8a0a-91900f144b0b'),
(1008, 4, 8, 0, '2021-02-11 18:35:05', '21876c5b-d436-4ac7-8a0a-91900f144b0b'),
(1009, 3, 8, 0, '2021-02-11 18:36:10', '21876c5b-d436-4ac7-8a0a-91900f144b0b'),
(1010, 3, 8, 0, '2021-02-11 18:40:06', '21876c5b-d436-4ac7-8a0a-91900f144b0b'),
(1011, 3, 8, 0, '2021-02-11 18:41:00', '21876c5b-d436-4ac7-8a0a-91900f144b0b'),
(1012, 14, 8, 0, '2021-02-11 18:45:26', '21876c5b-d436-4ac7-8a0a-91900f144b0b'),
(1013, 1, 8, 0, '2021-02-11 18:45:27', '21876c5b-d436-4ac7-8a0a-91900f144b0b'),
(1014, 4, 8, 0, '2021-02-11 18:45:27', '21876c5b-d436-4ac7-8a0a-91900f144b0b'),
(1015, 1, 8, 0, '2021-02-11 18:49:06', '21876c5b-d436-4ac7-8a0a-91900f144b0b'),
(1016, 3, 8, 0, '2021-02-11 18:49:06', '21876c5b-d436-4ac7-8a0a-91900f144b0b'),
(1017, 4, 8, 0, '2021-02-11 18:49:06', '21876c5b-d436-4ac7-8a0a-91900f144b0b'),
(1018, 3, 8, 0, '2021-02-11 19:03:37', '21876c5b-d436-4ac7-8a0a-91900f144b0b'),
(1019, 1, 8, 0, '2021-02-11 19:03:37', '21876c5b-d436-4ac7-8a0a-91900f144b0b'),
(1020, 3, 8, 0, '2021-02-11 19:33:23', '21876c5b-d436-4ac7-8a0a-91900f144b0b'),
(1021, 1, 8, 0, '2021-02-11 19:33:23', '21876c5b-d436-4ac7-8a0a-91900f144b0b'),
(1022, 4, 8, 0, '2021-02-11 19:33:23', '21876c5b-d436-4ac7-8a0a-91900f144b0b'),
(1023, 3, 8, 0, '2021-02-11 19:33:32', '21876c5b-d436-4ac7-8a0a-91900f144b0b'),
(1024, 1, 8, 0, '2021-02-11 19:33:32', '21876c5b-d436-4ac7-8a0a-91900f144b0b'),
(1025, 4, 8, 0, '2021-02-11 19:33:32', '21876c5b-d436-4ac7-8a0a-91900f144b0b'),
(1026, 3, 8, 0, '2021-02-11 19:36:10', '21876c5b-d436-4ac7-8a0a-91900f144b0b'),
(1027, 1, 8, 0, '2021-02-11 19:36:10', '21876c5b-d436-4ac7-8a0a-91900f144b0b'),
(1028, 4, 8, 0, '2021-02-11 19:36:11', '21876c5b-d436-4ac7-8a0a-91900f144b0b'),
(1029, 3, 8, 0, '2021-02-11 19:37:45', '21876c5b-d436-4ac7-8a0a-91900f144b0b'),
(1030, 3, 8, 0, '2021-02-11 19:41:30', '21876c5b-d436-4ac7-8a0a-91900f144b0b'),
(1031, 3, 8, 0, '2021-02-11 19:44:51', '21876c5b-d436-4ac7-8a0a-91900f144b0b'),
(1032, 1, 8, 0, '2021-02-11 19:44:51', '21876c5b-d436-4ac7-8a0a-91900f144b0b'),
(1033, 3, 8, 0, '2021-02-11 19:45:08', '21876c5b-d436-4ac7-8a0a-91900f144b0b'),
(1034, 1, 8, 0, '2021-02-11 19:45:08', '21876c5b-d436-4ac7-8a0a-91900f144b0b'),
(1035, 13, 8, 0, '2021-02-11 19:45:08', '21876c5b-d436-4ac7-8a0a-91900f144b0b'),
(1036, 3, 8, 0, '2021-02-11 19:51:45', '21876c5b-d436-4ac7-8a0a-91900f144b0b'),
(1037, 1, 8, 0, '2021-02-11 19:51:45', '21876c5b-d436-4ac7-8a0a-91900f144b0b'),
(1038, 3, 8, 0, '2021-02-11 19:51:50', '21876c5b-d436-4ac7-8a0a-91900f144b0b'),
(1039, 1, 8, 0, '2021-02-11 19:51:50', '21876c5b-d436-4ac7-8a0a-91900f144b0b'),
(1040, 4, 8, 0, '2021-02-11 19:51:50', '21876c5b-d436-4ac7-8a0a-91900f144b0b'),
(1041, 3, 8, 0, '2021-02-11 19:51:54', '21876c5b-d436-4ac7-8a0a-91900f144b0b'),
(1042, 1, 8, 0, '2021-02-11 19:51:54', '21876c5b-d436-4ac7-8a0a-91900f144b0b'),
(1043, 4, 8, 0, '2021-02-11 19:51:55', '21876c5b-d436-4ac7-8a0a-91900f144b0b'),
(1044, 14, 8, 0, '2021-02-11 19:51:55', '21876c5b-d436-4ac7-8a0a-91900f144b0b'),
(1045, 3, 8, 0, '2021-02-11 19:51:59', '21876c5b-d436-4ac7-8a0a-91900f144b0b'),
(1046, 1, 8, 0, '2021-02-11 19:51:59', '21876c5b-d436-4ac7-8a0a-91900f144b0b'),
(1047, 4, 8, 0, '2021-02-11 19:51:59', '21876c5b-d436-4ac7-8a0a-91900f144b0b'),
(1048, 15, 8, 0, '2021-02-11 19:51:59', '21876c5b-d436-4ac7-8a0a-91900f144b0b'),
(1049, 14, 8, 0, '2021-02-11 19:51:59', '21876c5b-d436-4ac7-8a0a-91900f144b0b'),
(1050, 3, 8, 0, '2021-02-11 19:52:24', '21876c5b-d436-4ac7-8a0a-91900f144b0b'),
(1051, 1, 8, 0, '2021-02-11 19:52:24', '21876c5b-d436-4ac7-8a0a-91900f144b0b'),
(1052, 4, 8, 0, '2021-02-11 19:52:24', '21876c5b-d436-4ac7-8a0a-91900f144b0b'),
(1053, 14, 8, 0, '2021-02-11 19:52:24', '21876c5b-d436-4ac7-8a0a-91900f144b0b'),
(1054, 15, 8, 0, '2021-02-11 19:52:24', '21876c5b-d436-4ac7-8a0a-91900f144b0b'),
(1055, 3, 8, 0, '2021-02-11 19:52:31', '21876c5b-d436-4ac7-8a0a-91900f144b0b'),
(1056, 1, 8, 0, '2021-02-11 19:52:31', '21876c5b-d436-4ac7-8a0a-91900f144b0b'),
(1057, 4, 8, 0, '2021-02-11 19:52:31', '21876c5b-d436-4ac7-8a0a-91900f144b0b'),
(1058, 14, 8, 0, '2021-02-11 19:52:31', '21876c5b-d436-4ac7-8a0a-91900f144b0b'),
(1059, 15, 8, 0, '2021-02-11 19:52:31', '21876c5b-d436-4ac7-8a0a-91900f144b0b'),
(1060, 12, 8, 0, '2021-02-11 19:52:31', '21876c5b-d436-4ac7-8a0a-91900f144b0b'),
(1061, 3, 8, 0, '2021-02-11 21:41:40', '21876c5b-d436-4ac7-8a0a-91900f144b0b'),
(1062, 1, 8, 0, '2021-02-11 21:52:05', '21876c5b-d436-4ac7-8a0a-91900f144b0b'),
(1063, 3, 8, 0, '2021-02-11 22:01:00', '21876c5b-d436-4ac7-8a0a-91900f144b0b'),
(1064, 3, 8, 0, '2021-02-11 22:01:43', '21876c5b-d436-4ac7-8a0a-91900f144b0b'),
(1065, 3, 8, 0, '2021-02-11 22:04:40', '21876c5b-d436-4ac7-8a0a-91900f144b0b'),
(1066, 3, 8, 0, '2021-02-11 22:05:47', '21876c5b-d436-4ac7-8a0a-91900f144b0b'),
(1067, 3, 8, 0, '2021-02-11 22:19:58', '21876c5b-d436-4ac7-8a0a-91900f144b0b'),
(1068, 3, 8, 0, '2021-02-11 22:20:57', '21876c5b-d436-4ac7-8a0a-91900f144b0b'),
(1069, 3, 8, 0, '2021-02-11 22:29:41', '21876c5b-d436-4ac7-8a0a-91900f144b0b'),
(1070, 3, 8, 0, '2021-02-11 22:29:58', '21876c5b-d436-4ac7-8a0a-91900f144b0b'),
(1071, 3, 8, 0, '2021-02-11 22:40:52', '21876c5b-d436-4ac7-8a0a-91900f144b0b'),
(1072, 3, 8, 0, '2021-02-11 22:42:39', '21876c5b-d436-4ac7-8a0a-91900f144b0b'),
(1073, 1, 8, 0, '2021-02-11 22:52:16', '21876c5b-d436-4ac7-8a0a-91900f144b0b'),
(1074, 3, 8, 0, '2021-02-11 22:56:40', '21876c5b-d436-4ac7-8a0a-91900f144b0b'),
(1075, 3, 8, 0, '2021-02-11 22:57:42', '21876c5b-d436-4ac7-8a0a-91900f144b0b'),
(1076, 3, 8, 0, '2021-02-11 22:58:06', '21876c5b-d436-4ac7-8a0a-91900f144b0b'),
(1077, 1, 8, 0, '2021-02-11 22:58:06', '21876c5b-d436-4ac7-8a0a-91900f144b0b'),
(1078, 3, 8, 0, '2021-02-11 22:59:55', '21876c5b-d436-4ac7-8a0a-91900f144b0b'),
(1079, 3, 8, 0, '2021-02-11 23:00:08', '21876c5b-d436-4ac7-8a0a-91900f144b0b'),
(1080, 1, 8, 0, '2021-02-11 23:00:08', '21876c5b-d436-4ac7-8a0a-91900f144b0b'),
(1081, 3, 8, 0, '2021-02-11 23:00:50', '21876c5b-d436-4ac7-8a0a-91900f144b0b'),
(1082, 3, 8, 0, '2021-02-11 23:01:16', '21876c5b-d436-4ac7-8a0a-91900f144b0b'),
(1083, 3, 8, 0, '2021-02-11 23:06:52', '21876c5b-d436-4ac7-8a0a-91900f144b0b'),
(1084, 3, 8, 0, '2021-02-11 23:07:34', '21876c5b-d436-4ac7-8a0a-91900f144b0b'),
(1085, 3, 8, 0, '2021-02-11 23:08:45', '21876c5b-d436-4ac7-8a0a-91900f144b0b'),
(1086, 3, 8, 0, '2021-02-11 23:09:23', '21876c5b-d436-4ac7-8a0a-91900f144b0b'),
(1087, 1, 8, 0, '2021-02-11 23:27:11', '21876c5b-d436-4ac7-8a0a-91900f144b0b'),
(1088, 3, 8, 0, '2021-02-11 23:27:11', '21876c5b-d436-4ac7-8a0a-91900f144b0b'),
(1120, 1, 4, 0, '2021-02-17 16:26:00', '06ce4918-66a2-488f-b640-e34e1ba2706f'),
(1121, 9, 4, 0, '2021-02-17 16:26:48', '06ce4918-66a2-488f-b640-e34e1ba2706f'),
(1122, 13, 3, 0, '2021-02-17 16:47:30', '06ce4918-66a2-488f-b640-e34e1ba2706f'),
(1123, 2, 3, 0, '2021-02-17 16:47:39', '06ce4918-66a2-488f-b640-e34e1ba2706f'),
(1124, 8, 3, 0, '2021-02-17 16:52:17', '06ce4918-66a2-488f-b640-e34e1ba2706f'),
(1125, 12, 3, 0, '2021-02-17 16:53:28', '06ce4918-66a2-488f-b640-e34e1ba2706f'),
(1126, 12, 3, 0, '2021-02-17 16:53:33', '06ce4918-66a2-488f-b640-e34e1ba2706f'),
(1127, 13, 3, 0, '2021-02-17 16:53:33', '06ce4918-66a2-488f-b640-e34e1ba2706f'),
(1128, 5, 3, 0, '2021-02-17 16:53:41', '06ce4918-66a2-488f-b640-e34e1ba2706f'),
(1130, 11, 1, 0, '2021-02-17 18:30:59', '06ce4918-66a2-488f-b640-e34e1ba2706f'),
(1131, 11, 1, 0, '2021-02-17 18:31:34', '06ce4918-66a2-488f-b640-e34e1ba2706f'),
(1132, 10, 1, 0, '2021-02-17 18:31:57', '06ce4918-66a2-488f-b640-e34e1ba2706f'),
(1133, 13, 4, 0, '2021-02-17 18:45:44', '21876c5b-d436-4ac7-8a0a-91900f144b0b'),
(1134, 13, 4, 0, '2021-02-17 18:45:50', '21876c5b-d436-4ac7-8a0a-91900f144b0b'),
(1135, 7, 4, 0, '2021-02-17 18:45:50', '21876c5b-d436-4ac7-8a0a-91900f144b0b'),
(1136, 3, 4, 0, '2021-02-17 18:48:12', '21876c5b-d436-4ac7-8a0a-91900f144b0b'),
(1137, 3, 3, 0, '2021-02-17 22:59:51', '06ce4918-66a2-488f-b640-e34e1ba2706f'),
(1138, 1, 3, 0, '2021-02-17 22:59:51', '06ce4918-66a2-488f-b640-e34e1ba2706f'),
(1141, 3, 3, 0, '2021-02-17 23:54:28', 'b4c956d5-908e-4ede-ac1c-6bc421cf6140'),
(1142, 15, 3, 0, '2021-02-17 23:54:35', 'b4c956d5-908e-4ede-ac1c-6bc421cf6140'),
(1144, 27, 3, 0, '2021-02-19 18:43:46', 'b7be0e7f-0f61-4cad-b07d-4eaec2ed2e0b'),
(1145, 70, 3, 0, '2021-02-19 18:44:41', 'b7be0e7f-0f61-4cad-b07d-4eaec2ed2e0b'),
(1146, 70, 3, 0, '2021-02-19 18:49:27', 'b7be0e7f-0f61-4cad-b07d-4eaec2ed2e0b'),
(1147, 45, 3, 0, '2021-02-19 18:49:27', 'b7be0e7f-0f61-4cad-b07d-4eaec2ed2e0b'),
(1148, 70, 3, 0, '2021-02-19 18:55:33', 'b7be0e7f-0f61-4cad-b07d-4eaec2ed2e0b'),
(1149, 45, 3, 0, '2021-02-19 18:55:33', 'b7be0e7f-0f61-4cad-b07d-4eaec2ed2e0b'),
(1150, 1, 1, 0, '2021-02-19 21:34:13', '06ce4918-66a2-488f-b640-e34e1ba2706f'),
(1151, 3, 1, 0, '2021-02-19 21:44:35', '06ce4918-66a2-488f-b640-e34e1ba2706f'),
(1152, 14, 1, 0, '2021-02-19 21:50:07', '06ce4918-66a2-488f-b640-e34e1ba2706f'),
(1153, 3, 1, 0, '2021-02-19 22:30:59', '06ce4918-66a2-488f-b640-e34e1ba2706f'),
(1154, 3, 1, 0, '2021-02-19 22:32:50', '06ce4918-66a2-488f-b640-e34e1ba2706f'),
(1155, 1, 1, 0, '2021-02-22 16:28:40', '06ce4918-66a2-488f-b640-e34e1ba2706f'),
(1156, 4, 1, 0, '2021-02-22 16:28:54', '06ce4918-66a2-488f-b640-e34e1ba2706f'),
(1157, 3, 1, 0, '2021-02-22 16:29:02', '06ce4918-66a2-488f-b640-e34e1ba2706f'),
(1158, 14, 1, 0, '2021-02-22 16:36:05', '06ce4918-66a2-488f-b640-e34e1ba2706f'),
(1159, 15, 1, 0, '2021-02-22 16:36:15', '06ce4918-66a2-488f-b640-e34e1ba2706f'),
(1160, 14, 1, 0, '2021-02-22 16:36:15', '06ce4918-66a2-488f-b640-e34e1ba2706f'),
(1161, 15, 1, 0, '2021-02-22 16:36:25', '06ce4918-66a2-488f-b640-e34e1ba2706f'),
(1162, 14, 1, 0, '2021-02-22 16:40:31', '06ce4918-66a2-488f-b640-e34e1ba2706f'),
(1163, 13, 1, 0, '2021-02-22 16:41:47', '06ce4918-66a2-488f-b640-e34e1ba2706f'),
(1178, 22, 4, 0, '2021-02-22 23:45:40', 'b7be0e7f-0f61-4cad-b07d-4eaec2ed2e0b'),
(1179, 34, 4, 0, '2021-02-22 23:46:45', 'b7be0e7f-0f61-4cad-b07d-4eaec2ed2e0b'),
(1180, 34, 1, 0, '2021-02-24 23:07:26', 'b7be0e7f-0f61-4cad-b07d-4eaec2ed2e0b'),
(1181, 75, 1, 0, '2021-02-24 23:12:14', 'b7be0e7f-0f61-4cad-b07d-4eaec2ed2e0b'),
(1182, 83, 1, 0, '2021-02-24 23:12:30', 'b7be0e7f-0f61-4cad-b07d-4eaec2ed2e0b'),
(1183, 80, 1, 0, '2021-02-24 23:12:56', 'b7be0e7f-0f61-4cad-b07d-4eaec2ed2e0b'),
(1184, 40, 1, 0, '2021-02-24 23:13:15', 'b7be0e7f-0f61-4cad-b07d-4eaec2ed2e0b'),
(1211, 1, 5, 0, '2021-03-28 01:31:15', '3733d4ed-8d00-4065-aad0-8f63ea9c6b1a'),
(1212, 3, 5, 0, '2021-03-28 01:32:51', '3733d4ed-8d00-4065-aad0-8f63ea9c6b1a'),
(1213, 4, 5, 0, '2021-03-28 01:32:51', '3733d4ed-8d00-4065-aad0-8f63ea9c6b1a'),
(1214, 1, 5, 0, '2021-03-28 01:32:51', '3733d4ed-8d00-4065-aad0-8f63ea9c6b1a'),
(1215, 12, 5, 0, '2021-03-29 22:51:37', '899b2b64-a7f1-45bd-9cb8-f97faeda3965'),
(1216, 1, 5, 0, '2021-03-29 22:51:37', '899b2b64-a7f1-45bd-9cb8-f97faeda3965'),
(1217, 8, 5, 0, '2021-03-29 22:51:37', '899b2b64-a7f1-45bd-9cb8-f97faeda3965'),
(1218, 5, 5, 0, '2021-03-29 22:51:37', '899b2b64-a7f1-45bd-9cb8-f97faeda3965'),
(1219, 1, 5, 0, '2021-03-29 23:08:09', '899b2b64-a7f1-45bd-9cb8-f97faeda3965'),
(1220, 12, 5, 0, '2021-03-29 23:08:09', '899b2b64-a7f1-45bd-9cb8-f97faeda3965'),
(1221, 5, 5, 0, '2021-03-29 23:08:09', '899b2b64-a7f1-45bd-9cb8-f97faeda3965'),
(1222, 8, 5, 0, '2021-03-29 23:08:09', '899b2b64-a7f1-45bd-9cb8-f97faeda3965'),
(1223, 1, 5, 0, '2021-03-30 19:11:00', '899b2b64-a7f1-45bd-9cb8-f97faeda3965'),
(1224, 5, 5, 0, '2021-03-30 19:11:01', '899b2b64-a7f1-45bd-9cb8-f97faeda3965'),
(1225, 12, 5, 0, '2021-03-30 19:11:01', '899b2b64-a7f1-45bd-9cb8-f97faeda3965'),
(1226, 12, 5, 0, '2021-03-30 19:15:28', '899b2b64-a7f1-45bd-9cb8-f97faeda3965'),
(1227, 1, 5, 0, '2021-03-30 19:15:28', '899b2b64-a7f1-45bd-9cb8-f97faeda3965'),
(1228, 8, 5, 0, '2021-03-30 19:15:28', '899b2b64-a7f1-45bd-9cb8-f97faeda3965'),
(1229, 5, 5, 0, '2021-03-30 19:15:28', '899b2b64-a7f1-45bd-9cb8-f97faeda3965'),
(1230, 1, 5, 0, '2021-04-01 21:53:08', '899b2b64-a7f1-45bd-9cb8-f97faeda3965'),
(1231, 12, 5, 0, '2021-04-01 21:53:08', '899b2b64-a7f1-45bd-9cb8-f97faeda3965'),
(1232, 5, 5, 0, '2021-04-01 21:53:08', '899b2b64-a7f1-45bd-9cb8-f97faeda3965'),
(1233, 8, 5, 0, '2021-04-01 21:53:08', '899b2b64-a7f1-45bd-9cb8-f97faeda3965'),
(1234, 12, 5, 0, '2021-04-01 22:04:31', '899b2b64-a7f1-45bd-9cb8-f97faeda3965'),
(1235, 5, 5, 0, '2021-04-01 22:04:31', '899b2b64-a7f1-45bd-9cb8-f97faeda3965'),
(1236, 8, 5, 0, '2021-04-01 22:04:31', '899b2b64-a7f1-45bd-9cb8-f97faeda3965'),
(1237, 1, 5, 0, '2021-04-01 22:04:31', '899b2b64-a7f1-45bd-9cb8-f97faeda3965'),
(1238, 3, 10, 0, '2021-04-07 23:29:03', 'a9f46b4f-227b-4513-9c6a-5f1ec79bc353'),
(1241, 3, 3, 0, '2021-04-11 17:32:44', 'a9f46b4f-227b-4513-9c6a-5f1ec79bc353'),
(1242, 75, 1, 0, '2021-04-11 22:18:14', '53499915-3ac7-4677-a928-c277b49e401f'),
(1243, 77, 1, 0, '2021-04-11 22:22:32', '53499915-3ac7-4677-a928-c277b49e401f'),
(1244, 75, 1, 0, '2021-04-11 22:22:32', '53499915-3ac7-4677-a928-c277b49e401f'),
(1245, 78, 1, 0, '2021-04-11 22:24:51', '53499915-3ac7-4677-a928-c277b49e401f'),
(1246, 80, 1, 0, '2021-04-11 22:26:16', '53499915-3ac7-4677-a928-c277b49e401f'),
(1247, 75, 1, 0, '2021-04-11 22:29:42', '53499915-3ac7-4677-a928-c277b49e401f'),
(1248, 77, 1, 0, '2021-04-11 22:29:42', '53499915-3ac7-4677-a928-c277b49e401f'),
(1249, 80, 1, 0, '2021-04-11 22:33:17', '53499915-3ac7-4677-a928-c277b49e401f'),
(1250, 80, 1, 0, '2021-04-11 22:34:05', '53499915-3ac7-4677-a928-c277b49e401f'),
(1251, 75, 1, 0, '2021-04-11 22:34:05', '53499915-3ac7-4677-a928-c277b49e401f'),
(1252, 75, 1, 0, '2021-04-11 22:38:28', '53499915-3ac7-4677-a928-c277b49e401f'),
(1253, 80, 1, 0, '2021-04-11 22:38:29', '53499915-3ac7-4677-a928-c277b49e401f'),
(1254, 80, 1, 0, '2021-04-11 22:40:26', '53499915-3ac7-4677-a928-c277b49e401f'),
(1255, 80, 1, 0, '2021-04-11 23:39:03', '92dccf21-36d4-4b64-af42-44c1ee095326'),
(1256, 80, 1, 0, '2021-04-11 23:41:36', '92dccf21-36d4-4b64-af42-44c1ee095326'),
(1257, 80, 1, 0, '2021-04-12 02:25:41', '92dccf21-36d4-4b64-af42-44c1ee095326'),
(1258, 80, 1, 0, '2021-04-12 02:28:28', '92dccf21-36d4-4b64-af42-44c1ee095326'),
(1259, 80, 1, 0, '2021-04-12 19:22:31', '92dccf21-36d4-4b64-af42-44c1ee095326'),
(1260, 80, 1, 0, '2021-04-12 19:28:08', '92dccf21-36d4-4b64-af42-44c1ee095326'),
(1261, 80, 1, 0, '2021-04-18 23:49:26', '53499915-3ac7-4677-a928-c277b49e401f'),
(1262, 83, 1, 0, '2021-04-18 23:52:26', '53499915-3ac7-4677-a928-c277b49e401f'),
(1263, 80, 1, 0, '2021-04-18 23:53:46', '53499915-3ac7-4677-a928-c277b49e401f'),
(1264, 80, 1, 0, '2021-04-18 23:54:12', '53499915-3ac7-4677-a928-c277b49e401f'),
(1265, 80, 1, 0, '2021-04-19 21:16:47', '53499915-3ac7-4677-a928-c277b49e401f'),
(1266, 80, 1, 0, '2021-04-19 21:26:58', '53499915-3ac7-4677-a928-c277b49e401f'),
(1267, 80, 1, 0, '2021-04-19 22:01:37', '92dccf21-36d4-4b64-af42-44c1ee095326'),
(1268, 75, 1, 0, '2021-04-19 23:28:08', '51dbd188-69a7-4d60-8b27-5fb56a214777'),
(1269, 76, 1, 0, '2021-04-19 23:28:08', '51dbd188-69a7-4d60-8b27-5fb56a214777'),
(1270, 18, 1, 0, '2021-04-19 23:32:49', '51dbd188-69a7-4d60-8b27-5fb56a214777'),
(1271, 28, 1, 0, '2021-04-19 23:32:49', '51dbd188-69a7-4d60-8b27-5fb56a214777'),
(1272, 18, 1, 0, '2021-04-19 23:44:31', '51dbd188-69a7-4d60-8b27-5fb56a214777'),
(1273, 40, 1, 0, '2021-04-19 23:44:31', '51dbd188-69a7-4d60-8b27-5fb56a214777'),
(1274, 18, 1, 0, '2021-04-19 23:48:56', '51dbd188-69a7-4d60-8b27-5fb56a214777'),
(1275, 40, 1, 0, '2021-04-19 23:48:56', '51dbd188-69a7-4d60-8b27-5fb56a214777'),
(1276, 75, 4, 0, '2021-04-21 20:04:32', 'f26d25cc-015b-44ec-8a28-dab9a76fa60c'),
(1277, 26, 4, 0, '2021-04-21 20:12:44', 'f26d25cc-015b-44ec-8a28-dab9a76fa60c'),
(1278, 70, 4, 0, '2021-04-21 20:16:30', 'f26d25cc-015b-44ec-8a28-dab9a76fa60c'),
(1279, 42, 4, 0, '2021-04-21 20:19:44', 'f26d25cc-015b-44ec-8a28-dab9a76fa60c'),
(1280, 43, 4, 0, '2021-04-21 20:21:07', 'f26d25cc-015b-44ec-8a28-dab9a76fa60c'),
(1281, 87, 4, 0, '2021-04-21 20:27:29', 'f26d25cc-015b-44ec-8a28-dab9a76fa60c'),
(1282, 28, 4, 0, '2021-04-21 20:30:33', 'f26d25cc-015b-44ec-8a28-dab9a76fa60c'),
(1283, 88, 4, 0, '2021-04-21 20:36:47', 'f26d25cc-015b-44ec-8a28-dab9a76fa60c'),
(1284, 62, 4, 0, '2021-04-21 20:40:16', 'f26d25cc-015b-44ec-8a28-dab9a76fa60c'),
(1285, 41, 4, 0, '2021-04-21 20:42:45', 'f26d25cc-015b-44ec-8a28-dab9a76fa60c'),
(1286, 83, 4, 0, '2021-04-21 20:45:41', 'f26d25cc-015b-44ec-8a28-dab9a76fa60c'),
(1287, 77, 4, 0, '2021-04-21 20:59:27', 'f26d25cc-015b-44ec-8a28-dab9a76fa60c'),
(1288, 16, 4, 0, '2021-04-21 21:01:03', 'f26d25cc-015b-44ec-8a28-dab9a76fa60c'),
(1289, 74, 4, 0, '2021-04-21 21:04:25', 'f26d25cc-015b-44ec-8a28-dab9a76fa60c'),
(1290, 25, 4, 0, '2021-04-21 21:05:54', 'f26d25cc-015b-44ec-8a28-dab9a76fa60c'),
(1291, 80, 4, 0, '2021-04-21 21:07:45', 'f26d25cc-015b-44ec-8a28-dab9a76fa60c'),
(1292, 40, 4, 0, '2021-04-21 21:08:18', 'f26d25cc-015b-44ec-8a28-dab9a76fa60c'),
(1293, 86, 4, 0, '2021-04-21 21:11:49', 'f26d25cc-015b-44ec-8a28-dab9a76fa60c'),
(1294, 85, 4, 0, '2021-04-21 21:13:44', 'f26d25cc-015b-44ec-8a28-dab9a76fa60c'),
(1295, 39, 4, 0, '2021-04-21 21:16:37', 'f26d25cc-015b-44ec-8a28-dab9a76fa60c'),
(1296, 19, 4, 0, '2021-04-21 22:01:41', 'f26d25cc-015b-44ec-8a28-dab9a76fa60c'),
(1297, 29, 1, 0, '2021-04-21 22:04:44', '5e2e6fe5-2885-4e1c-b267-5d1e2a1b0e3c'),
(1298, 34, 1, 0, '2021-04-21 22:04:44', '5e2e6fe5-2885-4e1c-b267-5d1e2a1b0e3c'),
(1299, 29, 1, 0, '2021-04-21 22:07:27', '5e2e6fe5-2885-4e1c-b267-5d1e2a1b0e3c'),
(1300, 34, 1, 0, '2021-04-21 22:07:27', '5e2e6fe5-2885-4e1c-b267-5d1e2a1b0e3c'),
(1301, 32, 1, 0, '2021-04-21 22:07:27', '5e2e6fe5-2885-4e1c-b267-5d1e2a1b0e3c'),
(1302, 32, 1, 0, '2021-04-21 22:07:38', '5e2e6fe5-2885-4e1c-b267-5d1e2a1b0e3c'),
(1303, 32, 1, 0, '2021-04-21 22:08:02', '5e2e6fe5-2885-4e1c-b267-5d1e2a1b0e3c'),
(1304, 22, 1, 0, '2021-04-21 22:08:02', '5e2e6fe5-2885-4e1c-b267-5d1e2a1b0e3c'),
(1305, 32, 1, 0, '2021-04-21 22:12:54', '5e2e6fe5-2885-4e1c-b267-5d1e2a1b0e3c'),
(1306, 22, 1, 0, '2021-04-21 22:12:54', '5e2e6fe5-2885-4e1c-b267-5d1e2a1b0e3c'),
(1307, 21, 4, 0, '2021-04-21 22:13:53', 'f26d25cc-015b-44ec-8a28-dab9a76fa60c'),
(1308, 48, 4, 0, '2021-04-21 22:16:18', 'f26d25cc-015b-44ec-8a28-dab9a76fa60c'),
(1309, 45, 4, 0, '2021-04-21 22:19:39', 'f26d25cc-015b-44ec-8a28-dab9a76fa60c'),
(1310, 20, 4, 0, '2021-04-21 22:21:03', 'f26d25cc-015b-44ec-8a28-dab9a76fa60c'),
(1311, 66, 4, 0, '2021-04-21 22:22:28', 'f26d25cc-015b-44ec-8a28-dab9a76fa60c'),
(1312, 47, 4, 0, '2021-04-21 22:28:10', 'f26d25cc-015b-44ec-8a28-dab9a76fa60c'),
(1313, 44, 4, 0, '2021-04-21 22:29:11', 'f26d25cc-015b-44ec-8a28-dab9a76fa60c'),
(1314, 32, 1, 0, '2021-04-21 22:31:04', 'd4dcbdd2-5487-4f18-8700-20774105963f'),
(1315, 22, 1, 0, '2021-04-21 22:31:04', 'd4dcbdd2-5487-4f18-8700-20774105963f'),
(1316, 46, 4, 0, '2021-04-21 22:31:14', 'f26d25cc-015b-44ec-8a28-dab9a76fa60c'),
(1317, 36, 4, 0, '2021-04-21 22:32:38', 'f26d25cc-015b-44ec-8a28-dab9a76fa60c'),
(1318, 18, 1, 0, '2021-04-21 22:46:28', '51dbd188-69a7-4d60-8b27-5fb56a214777'),
(1319, 40, 1, 0, '2021-04-21 22:46:28', '51dbd188-69a7-4d60-8b27-5fb56a214777'),
(1320, 18, 1, 0, '2021-04-21 23:43:28', 'fcde0f45-74ec-40b5-b9b5-8a82e85e0f20'),
(1321, 41, 1, 0, '2021-04-21 23:43:28', 'fcde0f45-74ec-40b5-b9b5-8a82e85e0f20'),
(1322, 18, 1, 0, '2021-04-21 23:47:38', 'fcde0f45-74ec-40b5-b9b5-8a82e85e0f20'),
(1323, 41, 1, 0, '2021-04-21 23:47:38', 'fcde0f45-74ec-40b5-b9b5-8a82e85e0f20'),
(1324, 18, 1, 0, '2021-04-21 23:54:06', 'fcde0f45-74ec-40b5-b9b5-8a82e85e0f20'),
(1325, 41, 1, 0, '2021-04-21 23:54:06', 'fcde0f45-74ec-40b5-b9b5-8a82e85e0f20'),
(1326, 80, 1, 0, '2021-04-22 17:42:10', '53499915-3ac7-4677-a928-c277b49e401f'),
(1327, 32, 1, 0, '2021-04-22 17:57:21', '5e2e6fe5-2885-4e1c-b267-5d1e2a1b0e3c'),
(1328, 22, 1, 0, '2021-04-22 17:57:21', '5e2e6fe5-2885-4e1c-b267-5d1e2a1b0e3c'),
(1329, 22, 1, 0, '2021-04-22 18:23:08', '5e2e6fe5-2885-4e1c-b267-5d1e2a1b0e3c'),
(1330, 32, 1, 0, '2021-04-22 18:23:08', '5e2e6fe5-2885-4e1c-b267-5d1e2a1b0e3c'),
(1331, 40, 1, 0, '2021-04-22 18:26:40', '51dbd188-69a7-4d60-8b27-5fb56a214777'),
(1332, 18, 1, 0, '2021-04-22 18:26:40', '51dbd188-69a7-4d60-8b27-5fb56a214777'),
(1333, 18, 1, 0, '2021-04-22 18:29:13', 'fcde0f45-74ec-40b5-b9b5-8a82e85e0f20'),
(1334, 41, 1, 0, '2021-04-22 18:29:13', 'fcde0f45-74ec-40b5-b9b5-8a82e85e0f20'),
(1335, 18, 1, 0, '2021-04-22 18:49:05', '9372916d-80b7-4943-8a89-87f5057840ca'),
(1336, 41, 1, 0, '2021-04-22 18:49:05', '9372916d-80b7-4943-8a89-87f5057840ca'),
(1337, 41, 1, 0, '2021-04-22 18:51:43', '9372916d-80b7-4943-8a89-87f5057840ca'),
(1338, 18, 1, 0, '2021-04-22 18:51:43', '9372916d-80b7-4943-8a89-87f5057840ca'),
(1339, 41, 1, 0, '2021-04-22 19:36:01', '8b214dea-8a7c-4418-854d-897140bbcff5'),
(1340, 40, 1, 0, '2021-04-22 19:36:01', '8b214dea-8a7c-4418-854d-897140bbcff5'),
(1341, 40, 1, 0, '2021-04-22 19:39:58', '8b214dea-8a7c-4418-854d-897140bbcff5'),
(1342, 41, 1, 0, '2021-04-22 19:39:58', '8b214dea-8a7c-4418-854d-897140bbcff5'),
(1344, 3, 1, 0, '2021-04-30 18:05:06', '75e83284-df4a-4b0e-b367-3ea35407f831'),
(1346, 22, 1, 0, '2021-05-04 18:03:38', '6334d317-1801-4fd6-99cc-53bddd64ccb9'),
(1347, 32, 1, 0, '2021-05-04 18:03:38', '6334d317-1801-4fd6-99cc-53bddd64ccb9'),
(1348, 32, 1, 0, '2021-05-04 18:21:02', '9c4063d3-9bae-40e9-bfa1-705941390632'),
(1349, 22, 1, 0, '2021-05-04 18:21:02', '9c4063d3-9bae-40e9-bfa1-705941390632'),
(1350, 18, 1, 0, '2021-05-04 18:44:49', '9aeaaa04-365f-4c1a-8d96-1247c3f987ee'),
(1351, 40, 1, 0, '2021-05-04 18:44:49', '9aeaaa04-365f-4c1a-8d96-1247c3f987ee'),
(1352, 41, 1, 0, '2021-05-04 19:01:18', '47e8088b-9f54-4bb0-b72d-fc64c77e72ea'),
(1353, 18, 1, 0, '2021-05-04 19:01:18', '47e8088b-9f54-4bb0-b72d-fc64c77e72ea'),
(1354, 41, 1, 0, '2021-05-04 23:28:07', '84535f8c-fff4-4b8e-a217-4dc6e72cb82f'),
(1355, 18, 1, 0, '2021-05-04 23:28:07', '84535f8c-fff4-4b8e-a217-4dc6e72cb82f'),
(1356, 41, 1, 0, '2021-05-04 23:44:05', 'bebc3cf6-7cef-4a49-9c97-541b35f90b19'),
(1357, 40, 1, 0, '2021-05-04 23:44:05', 'bebc3cf6-7cef-4a49-9c97-541b35f90b19'),
(1358, 41, 1, 0, '2021-05-05 21:00:48', 'bebc3cf6-7cef-4a49-9c97-541b35f90b19'),
(1359, 70, 1, 0, '2021-05-05 21:00:56', 'bebc3cf6-7cef-4a49-9c97-541b35f90b19'),
(1360, 41, 1, 0, '2021-05-05 21:00:56', 'bebc3cf6-7cef-4a49-9c97-541b35f90b19'),
(1361, 41, 1, 0, '2021-05-06 16:28:00', 'bebc3cf6-7cef-4a49-9c97-541b35f90b19'),
(1362, 40, 1, 0, '2021-05-06 16:28:00', 'bebc3cf6-7cef-4a49-9c97-541b35f90b19'),
(1363, 41, 1, 0, '2021-05-06 16:42:17', '57fa6388-0150-4b74-97d6-8c1a66c9d504'),
(1364, 40, 1, 0, '2021-05-06 16:42:17', '57fa6388-0150-4b74-97d6-8c1a66c9d504'),
(1369, 12, 5, 0, '2021-05-13 15:56:50', '899b2b64-a7f1-45bd-9cb8-f97faeda3965'),
(1370, 5, 5, 0, '2021-05-13 15:56:50', '899b2b64-a7f1-45bd-9cb8-f97faeda3965'),
(1371, 1, 5, 0, '2021-05-13 15:56:50', '899b2b64-a7f1-45bd-9cb8-f97faeda3965'),
(1372, 8, 5, 0, '2021-05-13 15:56:50', '899b2b64-a7f1-45bd-9cb8-f97faeda3965'),
(1373, 1, 5, 0, '2021-05-13 15:57:28', '899b2b64-a7f1-45bd-9cb8-f97faeda3965'),
(1374, 12, 5, 0, '2021-05-13 15:57:28', '899b2b64-a7f1-45bd-9cb8-f97faeda3965'),
(1375, 5, 5, 0, '2021-05-13 15:57:28', '899b2b64-a7f1-45bd-9cb8-f97faeda3965'),
(1376, 8, 5, 0, '2021-05-13 15:57:28', '899b2b64-a7f1-45bd-9cb8-f97faeda3965'),
(1401, 80, 1, 0, '2021-05-17 22:57:50', '92dccf21-36d4-4b64-af42-44c1ee095326'),
(1402, 80, 1, 0, '2021-05-17 23:00:10', '92dccf21-36d4-4b64-af42-44c1ee095326'),
(1403, 25, 1, 0, '2021-05-17 23:00:10', '92dccf21-36d4-4b64-af42-44c1ee095326'),
(1404, 48, 1, 0, '2021-05-17 23:00:10', '92dccf21-36d4-4b64-af42-44c1ee095326'),
(1405, 80, 1, 0, '2021-05-17 23:01:17', '92dccf21-36d4-4b64-af42-44c1ee095326'),
(1406, 48, 1, 0, '2021-05-17 23:01:17', '92dccf21-36d4-4b64-af42-44c1ee095326'),
(1407, 48, 1, 0, '2021-05-17 23:02:26', '92dccf21-36d4-4b64-af42-44c1ee095326'),
(1408, 25, 1, 0, '2021-05-17 23:02:26', '92dccf21-36d4-4b64-af42-44c1ee095326'),
(1409, 48, 1, 0, '2021-05-17 23:03:57', '92dccf21-36d4-4b64-af42-44c1ee095326'),
(1410, 25, 1, 0, '2021-05-17 23:03:57', '92dccf21-36d4-4b64-af42-44c1ee095326'),
(1411, 48, 1, 0, '2021-05-17 23:04:18', '92dccf21-36d4-4b64-af42-44c1ee095326'),
(1412, 27, 1, 0, '2021-05-17 23:12:44', '92dccf21-36d4-4b64-af42-44c1ee095326'),
(1413, 25, 1, 0, '2021-05-17 23:12:44', '92dccf21-36d4-4b64-af42-44c1ee095326'),
(1414, 48, 1, 0, '2021-05-17 23:13:15', '92dccf21-36d4-4b64-af42-44c1ee095326'),
(1415, 25, 1, 0, '2021-05-17 23:13:15', '92dccf21-36d4-4b64-af42-44c1ee095326'),
(1416, 25, 1, 0, '2021-05-17 23:14:02', '92dccf21-36d4-4b64-af42-44c1ee095326'),
(1417, 25, 1, 0, '2021-05-17 23:15:10', '92dccf21-36d4-4b64-af42-44c1ee095326'),
(1418, 25, 1, 0, '2021-05-17 23:23:28', '92dccf21-36d4-4b64-af42-44c1ee095326'),
(1419, 25, 1, 0, '2021-05-18 00:05:31', '8a990442-d0d4-4e46-a38b-92e4bb806100'),
(1420, 41, 1, 0, '2021-05-18 00:05:31', '8a990442-d0d4-4e46-a38b-92e4bb806100'),
(1421, 41, 1, 0, '2021-05-18 00:09:59', '8a990442-d0d4-4e46-a38b-92e4bb806100'),
(1422, 25, 1, 0, '2021-05-18 00:09:59', '8a990442-d0d4-4e46-a38b-92e4bb806100'),
(1423, 25, 1, 0, '2021-05-18 00:18:32', '8a990442-d0d4-4e46-a38b-92e4bb806100'),
(1424, 41, 1, 0, '2021-05-18 00:18:32', '8a990442-d0d4-4e46-a38b-92e4bb806100'),
(1425, 25, 1, 0, '2021-05-18 01:44:46', '92dccf21-36d4-4b64-af42-44c1ee095326'),
(1426, 41, 1, 0, '2021-05-18 01:44:46', '92dccf21-36d4-4b64-af42-44c1ee095326'),
(1427, 25, 1, 0, '2021-05-18 01:46:25', '92dccf21-36d4-4b64-af42-44c1ee095326'),
(1428, 41, 1, 0, '2021-05-18 01:46:25', '92dccf21-36d4-4b64-af42-44c1ee095326'),
(1429, 43, 1, 0, '2021-05-18 15:49:43', '92dccf21-36d4-4b64-af42-44c1ee095326'),
(1430, 19, 1, 0, '2021-05-18 15:50:27', '92dccf21-36d4-4b64-af42-44c1ee095326'),
(1431, 19, 1, 0, '2021-05-18 15:51:14', '92dccf21-36d4-4b64-af42-44c1ee095326'),
(1432, 21, 1, 0, '2021-05-18 15:51:14', '92dccf21-36d4-4b64-af42-44c1ee095326'),
(1433, 41, 1, 0, '2021-05-18 15:55:21', '92dccf21-36d4-4b64-af42-44c1ee095326'),
(1434, 21, 1, 0, '2021-05-18 15:55:21', '92dccf21-36d4-4b64-af42-44c1ee095326'),
(1435, 19, 1, 0, '2021-05-18 15:55:21', '92dccf21-36d4-4b64-af42-44c1ee095326'),
(1436, 19, 1, 0, '2021-05-18 15:56:03', '92dccf21-36d4-4b64-af42-44c1ee095326'),
(1437, 41, 1, 0, '2021-05-18 15:56:03', '92dccf21-36d4-4b64-af42-44c1ee095326'),
(1438, 41, 1, 0, '2021-05-18 15:57:10', '92dccf21-36d4-4b64-af42-44c1ee095326'),
(1439, 19, 1, 0, '2021-05-18 15:57:10', '92dccf21-36d4-4b64-af42-44c1ee095326'),
(1440, 19, 1, 0, '2021-05-18 16:09:02', '8a990442-d0d4-4e46-a38b-92e4bb806100'),
(1441, 41, 1, 0, '2021-05-18 16:09:02', '8a990442-d0d4-4e46-a38b-92e4bb806100'),
(1442, 41, 1, 0, '2021-05-18 16:59:40', '47e8088b-9f54-4bb0-b72d-fc64c77e72ea'),
(1443, 18, 1, 0, '2021-05-18 16:59:40', '47e8088b-9f54-4bb0-b72d-fc64c77e72ea'),
(1444, 41, 1, 0, '2021-05-18 17:04:07', '84535f8c-fff4-4b8e-a217-4dc6e72cb82f'),
(1445, 18, 1, 0, '2021-05-18 17:04:07', '84535f8c-fff4-4b8e-a217-4dc6e72cb82f'),
(1446, 41, 1, 0, '2021-05-18 17:06:44', 'bebc3cf6-7cef-4a49-9c97-541b35f90b19'),
(1447, 18, 1, 0, '2021-05-18 17:06:44', 'bebc3cf6-7cef-4a49-9c97-541b35f90b19'),
(1448, 40, 1, 0, '2021-05-18 17:07:54', 'bebc3cf6-7cef-4a49-9c97-541b35f90b19'),
(1449, 41, 1, 0, '2021-05-18 17:07:54', 'bebc3cf6-7cef-4a49-9c97-541b35f90b19'),
(1450, 41, 1, 0, '2021-05-18 20:50:41', 'bebc3cf6-7cef-4a49-9c97-541b35f90b19'),
(1451, 40, 1, 0, '2021-05-18 20:50:41', 'bebc3cf6-7cef-4a49-9c97-541b35f90b19'),
(1452, 19, 1, 0, '2021-05-18 22:38:46', '8a990442-d0d4-4e46-a38b-92e4bb806100'),
(1453, 41, 1, 0, '2021-05-18 22:38:46', '8a990442-d0d4-4e46-a38b-92e4bb806100'),
(1454, 41, 1, 0, '2021-05-18 23:23:15', '47e8088b-9f54-4bb0-b72d-fc64c77e72ea'),
(1455, 18, 1, 0, '2021-05-18 23:23:15', '47e8088b-9f54-4bb0-b72d-fc64c77e72ea'),
(1457, 23, 1, 0, '2021-05-27 15:16:38', 'c79d958e-1916-4783-837c-3b431cc36f68'),
(1458, 22, 1, 0, '2021-05-27 15:16:38', 'c79d958e-1916-4783-837c-3b431cc36f68'),
(1459, 1, 1, 0, '2021-06-02 21:49:00', 'd8cc6e89-72c1-4aef-870b-d77424ff32a6'),
(1460, 12, 1, 0, '2021-06-02 21:49:00', 'd8cc6e89-72c1-4aef-870b-d77424ff32a6'),
(1461, 5, 1, 0, '2021-06-02 21:49:00', 'd8cc6e89-72c1-4aef-870b-d77424ff32a6'),
(1462, 3, 1, 0, '2021-06-02 21:49:00', 'd8cc6e89-72c1-4aef-870b-d77424ff32a6'),
(1463, 8, 1, 0, '2021-06-02 21:49:00', 'd8cc6e89-72c1-4aef-870b-d77424ff32a6'),
(1464, 5, 1, 0, '2021-06-02 21:51:08', 'd8cc6e89-72c1-4aef-870b-d77424ff32a6'),
(1465, 12, 1, 0, '2021-06-02 21:51:08', 'd8cc6e89-72c1-4aef-870b-d77424ff32a6'),
(1466, 3, 1, 0, '2021-06-02 21:51:08', 'd8cc6e89-72c1-4aef-870b-d77424ff32a6'),
(1467, 8, 1, 0, '2021-06-02 21:51:08', 'd8cc6e89-72c1-4aef-870b-d77424ff32a6'),
(1468, 8, 1, 0, '2021-06-02 21:51:26', 'd8cc6e89-72c1-4aef-870b-d77424ff32a6'),
(1469, 5, 1, 0, '2021-06-02 21:51:26', 'd8cc6e89-72c1-4aef-870b-d77424ff32a6'),
(1470, 3, 1, 0, '2021-06-02 21:51:27', 'd8cc6e89-72c1-4aef-870b-d77424ff32a6'),
(1471, 5, 1, 0, '2021-06-02 21:52:10', 'd8cc6e89-72c1-4aef-870b-d77424ff32a6'),
(1472, 3, 1, 0, '2021-06-02 21:52:10', 'd8cc6e89-72c1-4aef-870b-d77424ff32a6'),
(1473, 3, 1, 0, '2021-06-02 21:57:37', 'd8cc6e89-72c1-4aef-870b-d77424ff32a6'),
(1474, 5, 1, 0, '2021-06-02 21:57:37', 'd8cc6e89-72c1-4aef-870b-d77424ff32a6'),
(1475, 12, 1, 0, '2021-06-02 21:57:37', 'd8cc6e89-72c1-4aef-870b-d77424ff32a6'),
(1476, 3, 1, 0, '2021-06-02 21:59:20', 'd8cc6e89-72c1-4aef-870b-d77424ff32a6'),
(1477, 12, 1, 0, '2021-06-02 21:59:20', 'd8cc6e89-72c1-4aef-870b-d77424ff32a6'),
(1478, 12, 1, 0, '2021-06-02 21:59:36', 'd8cc6e89-72c1-4aef-870b-d77424ff32a6'),
(1479, 12, 1, 0, '2021-06-02 21:59:44', 'd8cc6e89-72c1-4aef-870b-d77424ff32a6'),
(1480, 3, 1, 0, '2021-06-02 21:59:44', 'd8cc6e89-72c1-4aef-870b-d77424ff32a6'),
(1481, 12, 1, 0, '2021-06-02 22:01:05', 'd8cc6e89-72c1-4aef-870b-d77424ff32a6'),
(1482, 6, 1, 0, '2021-06-02 22:01:05', 'd8cc6e89-72c1-4aef-870b-d77424ff32a6'),
(1483, 1, 1, 0, '2021-06-02 22:31:16', '5f824e1e-6a78-449c-a93a-f472579bb68f'),
(1484, 1, 1, 0, '2021-06-02 22:31:26', '5f824e1e-6a78-449c-a93a-f472579bb68f'),
(1485, 3, 1, 0, '2021-06-02 22:31:26', '5f824e1e-6a78-449c-a93a-f472579bb68f'),
(1486, 1, 1, 0, '2021-06-02 22:42:33', '5f824e1e-6a78-449c-a93a-f472579bb68f'),
(1487, 5, 1, 0, '2021-06-02 22:42:33', '5f824e1e-6a78-449c-a93a-f472579bb68f'),
(1488, 1, 1, 0, '2021-06-02 22:44:18', '5f824e1e-6a78-449c-a93a-f472579bb68f'),
(1489, 5, 1, 0, '2021-06-02 22:44:18', '5f824e1e-6a78-449c-a93a-f472579bb68f'),
(1490, 3, 1, 0, '2021-06-02 22:49:20', '5f824e1e-6a78-449c-a93a-f472579bb68f'),
(1491, 5, 1, 0, '2021-06-02 22:49:20', '5f824e1e-6a78-449c-a93a-f472579bb68f'),
(1492, 3, 1, 0, '2021-06-02 22:49:30', '5f824e1e-6a78-449c-a93a-f472579bb68f'),
(1493, 12, 1, 0, '2021-06-02 22:55:14', '5f824e1e-6a78-449c-a93a-f472579bb68f'),
(1494, 3, 1, 0, '2021-06-02 22:55:14', '5f824e1e-6a78-449c-a93a-f472579bb68f'),
(1495, 1, 1, 0, '2021-06-02 22:59:34', '5f824e1e-6a78-449c-a93a-f472579bb68f'),
(1496, 12, 1, 0, '2021-06-02 22:59:34', '5f824e1e-6a78-449c-a93a-f472579bb68f'),
(1497, 24, 4, 0, '2021-06-03 17:36:59', '57fa6388-0150-4b74-97d6-8c1a66c9d504'),
(1498, 34, 4, 0, '2021-06-03 17:41:24', '57fa6388-0150-4b74-97d6-8c1a66c9d504'),
(1499, 22, 4, 0, '2021-06-03 17:42:19', '57fa6388-0150-4b74-97d6-8c1a66c9d504'),
(1500, 22, 4, 0, '2021-06-03 17:43:26', '57fa6388-0150-4b74-97d6-8c1a66c9d504'),
(1501, 34, 4, 0, '2021-06-03 17:44:13', '57fa6388-0150-4b74-97d6-8c1a66c9d504'),
(1502, 23, 4, 0, '2021-06-03 17:49:21', '57fa6388-0150-4b74-97d6-8c1a66c9d504'),
(1503, 30, 4, 0, '2021-06-03 17:50:40', '57fa6388-0150-4b74-97d6-8c1a66c9d504'),
(1504, 29, 4, 0, '2021-06-03 17:57:20', '57fa6388-0150-4b74-97d6-8c1a66c9d504'),
(1505, 29, 4, 0, '2021-06-03 19:20:27', '57fa6388-0150-4b74-97d6-8c1a66c9d504'),
(1506, 74, 4, 0, '2021-06-03 19:20:27', '57fa6388-0150-4b74-97d6-8c1a66c9d504'),
(1507, 37, 4, 0, '2021-06-03 19:20:27', '57fa6388-0150-4b74-97d6-8c1a66c9d504'),
(1508, 77, 4, 0, '2021-06-03 19:20:27', '57fa6388-0150-4b74-97d6-8c1a66c9d504'),
(1509, 76, 4, 0, '2021-06-03 19:20:27', '57fa6388-0150-4b74-97d6-8c1a66c9d504'),
(1510, 78, 4, 0, '2021-06-03 19:20:27', '57fa6388-0150-4b74-97d6-8c1a66c9d504'),
(1511, 75, 4, 0, '2021-06-03 19:20:28', '57fa6388-0150-4b74-97d6-8c1a66c9d504'),
(1512, 80, 4, 0, '2021-06-03 19:20:28', '57fa6388-0150-4b74-97d6-8c1a66c9d504'),
(1513, 83, 4, 0, '2021-06-03 19:20:28', '57fa6388-0150-4b74-97d6-8c1a66c9d504'),
(1514, 81, 4, 0, '2021-06-03 19:20:28', '57fa6388-0150-4b74-97d6-8c1a66c9d504'),
(1515, 82, 4, 0, '2021-06-03 19:20:28', '57fa6388-0150-4b74-97d6-8c1a66c9d504'),
(1516, 73, 4, 0, '2021-06-03 19:20:28', '57fa6388-0150-4b74-97d6-8c1a66c9d504'),
(1517, 79, 4, 0, '2021-06-03 19:20:28', '57fa6388-0150-4b74-97d6-8c1a66c9d504'),
(1518, 68, 4, 0, '2021-06-03 19:20:28', '57fa6388-0150-4b74-97d6-8c1a66c9d504'),
(1523, 24, 5, 0, '2021-06-03 20:03:40', '57fa6388-0150-4b74-97d6-8c1a66c9d504'),
(1524, 34, 5, 0, '2021-06-03 20:06:03', '57fa6388-0150-4b74-97d6-8c1a66c9d504'),
(1525, 24, 5, 0, '2021-06-03 20:06:19', '57fa6388-0150-4b74-97d6-8c1a66c9d504'),
(1526, 24, 5, 0, '2021-06-03 20:10:33', '57fa6388-0150-4b74-97d6-8c1a66c9d504'),
(1527, 18, 5, 0, '2021-06-03 20:11:14', '57fa6388-0150-4b74-97d6-8c1a66c9d504'),
(1528, 22, 5, 0, '2021-06-03 20:42:20', '57fa6388-0150-4b74-97d6-8c1a66c9d504'),
(1529, 22, 5, 0, '2021-06-03 20:46:02', '57fa6388-0150-4b74-97d6-8c1a66c9d504'),
(1530, 18, 1, 0, '2021-06-03 21:02:06', 'a25d5b72-10a6-4dac-89c4-a41bb699ee12'),
(1531, 22, 5, 0, '2021-06-03 21:15:07', '57fa6388-0150-4b74-97d6-8c1a66c9d504'),
(1532, 24, 5, 0, '2021-06-03 21:15:39', '57fa6388-0150-4b74-97d6-8c1a66c9d504'),
(1533, 78, 1, 0, '2021-06-06 17:23:13', '91522970-45d4-41ed-80fa-64b3fa1f4711'),
(1534, 75, 1, 0, '2021-06-06 17:23:13', '91522970-45d4-41ed-80fa-64b3fa1f4711'),
(1535, 78, 1, 0, '2021-06-06 17:24:28', '91522970-45d4-41ed-80fa-64b3fa1f4711'),
(1536, 75, 1, 0, '2021-06-06 17:24:28', '91522970-45d4-41ed-80fa-64b3fa1f4711'),
(1537, 77, 1, 0, '2021-06-06 17:24:28', '91522970-45d4-41ed-80fa-64b3fa1f4711'),
(1538, 38, 1, 0, '2021-06-06 17:24:28', '91522970-45d4-41ed-80fa-64b3fa1f4711'),
(1539, 80, 1, 0, '2021-06-06 17:24:28', '91522970-45d4-41ed-80fa-64b3fa1f4711'),
(1540, 80, 1, 0, '2021-06-06 17:44:07', '91522970-45d4-41ed-80fa-64b3fa1f4711'),
(1541, 78, 1, 0, '2021-06-06 17:44:07', '91522970-45d4-41ed-80fa-64b3fa1f4711'),
(1542, 38, 1, 0, '2021-06-06 17:44:07', '91522970-45d4-41ed-80fa-64b3fa1f4711'),
(1543, 75, 1, 0, '2021-06-06 17:44:07', '91522970-45d4-41ed-80fa-64b3fa1f4711'),
(1544, 77, 1, 0, '2021-06-06 17:44:07', '91522970-45d4-41ed-80fa-64b3fa1f4711'),
(1545, 78, 1, 0, '2021-06-06 17:44:30', '91522970-45d4-41ed-80fa-64b3fa1f4711'),
(1546, 38, 1, 0, '2021-06-06 17:44:30', '91522970-45d4-41ed-80fa-64b3fa1f4711'),
(1547, 78, 1, 0, '2021-06-06 17:45:46', '91522970-45d4-41ed-80fa-64b3fa1f4711'),
(1548, 38, 1, 0, '2021-06-06 17:45:46', '91522970-45d4-41ed-80fa-64b3fa1f4711'),
(1549, 18, 1, 0, '2021-06-06 17:45:46', '91522970-45d4-41ed-80fa-64b3fa1f4711'),
(1550, 78, 1, 0, '2021-06-06 17:56:04', '91522970-45d4-41ed-80fa-64b3fa1f4711'),
(1551, 38, 1, 0, '2021-06-06 17:56:04', '91522970-45d4-41ed-80fa-64b3fa1f4711'),
(1552, 18, 1, 0, '2021-06-06 17:56:04', '91522970-45d4-41ed-80fa-64b3fa1f4711'),
(1553, 38, 1, 0, '2021-06-06 17:57:23', '91522970-45d4-41ed-80fa-64b3fa1f4711'),
(1554, 78, 1, 0, '2021-06-06 17:57:23', '91522970-45d4-41ed-80fa-64b3fa1f4711'),
(1555, 18, 1, 0, '2021-06-06 17:57:23', '91522970-45d4-41ed-80fa-64b3fa1f4711'),
(1556, 78, 1, 0, '2021-06-06 17:58:38', '91522970-45d4-41ed-80fa-64b3fa1f4711'),
(1557, 38, 1, 0, '2021-06-06 17:58:38', '91522970-45d4-41ed-80fa-64b3fa1f4711'),
(1558, 18, 1, 0, '2021-06-06 17:58:38', '91522970-45d4-41ed-80fa-64b3fa1f4711'),
(1559, 46, 1, 0, '2021-06-06 17:58:38', '91522970-45d4-41ed-80fa-64b3fa1f4711'),
(1560, 78, 1, 0, '2021-06-06 18:06:01', '91522970-45d4-41ed-80fa-64b3fa1f4711'),
(1561, 38, 1, 0, '2021-06-06 18:06:01', '91522970-45d4-41ed-80fa-64b3fa1f4711'),
(1562, 27, 1, 0, '2021-06-06 18:06:01', '91522970-45d4-41ed-80fa-64b3fa1f4711'),
(1563, 18, 1, 0, '2021-06-06 18:06:01', '91522970-45d4-41ed-80fa-64b3fa1f4711'),
(1564, 37, 1, 0, '2021-06-06 18:06:01', '91522970-45d4-41ed-80fa-64b3fa1f4711'),
(1565, 46, 1, 0, '2021-06-06 18:06:02', '91522970-45d4-41ed-80fa-64b3fa1f4711'),
(1566, 77, 1, 0, '2021-06-06 18:06:02', '91522970-45d4-41ed-80fa-64b3fa1f4711'),
(1567, 25, 1, 0, '2021-06-06 18:06:02', '91522970-45d4-41ed-80fa-64b3fa1f4711'),
(1568, 28, 1, 0, '2021-06-06 18:06:02', '91522970-45d4-41ed-80fa-64b3fa1f4711'),
(1569, 39, 1, 0, '2021-06-06 18:06:02', '91522970-45d4-41ed-80fa-64b3fa1f4711'),
(1570, 22, 5, 0, '2021-06-06 18:30:04', 'c4b19f0d-927f-4186-a740-b0770691e643'),
(1571, 24, 5, 0, '2021-06-06 18:30:04', 'c4b19f0d-927f-4186-a740-b0770691e643'),
(1572, 30, 5, 0, '2021-06-06 18:30:04', 'c4b19f0d-927f-4186-a740-b0770691e643'),
(1573, 18, 1, 0, '2021-06-06 19:42:46', 'ee429ee2-06fc-4416-8233-3ad5fd3087a2'),
(1574, 70, 1, 0, '2021-06-06 19:42:46', 'ee429ee2-06fc-4416-8233-3ad5fd3087a2'),
(1575, 39, 1, 0, '2021-06-06 19:42:47', 'ee429ee2-06fc-4416-8233-3ad5fd3087a2'),
(1576, 39, 1, 0, '2021-06-06 19:49:54', 'ee429ee2-06fc-4416-8233-3ad5fd3087a2'),
(1577, 18, 1, 0, '2021-06-06 19:49:54', 'ee429ee2-06fc-4416-8233-3ad5fd3087a2'),
(1578, 1, 1, 0, '2021-06-07 16:55:53', '899b2b64-a7f1-45bd-9cb8-f97faeda3965'),
(1579, 14, 1, 0, '2021-06-07 16:56:15', '899b2b64-a7f1-45bd-9cb8-f97faeda3965'),
(1580, 1, 1, 0, '2021-06-07 16:56:15', '899b2b64-a7f1-45bd-9cb8-f97faeda3965'),
(1581, 18, 1, 0, '2021-06-08 02:04:58', 'ae08ad20-b7d4-468b-b72f-7d9e8d33d30b'),
(1582, 70, 1, 0, '2021-06-08 02:04:58', 'ae08ad20-b7d4-468b-b72f-7d9e8d33d30b'),
(1583, 18, 1, 0, '2021-06-08 02:13:10', 'ae08ad20-b7d4-468b-b72f-7d9e8d33d30b'),
(1584, 78, 1, 0, '2021-06-08 02:13:10', 'ae08ad20-b7d4-468b-b72f-7d9e8d33d30b'),
(1585, 18, 1, 0, '2021-06-08 02:14:08', 'ae08ad20-b7d4-468b-b72f-7d9e8d33d30b'),
(1586, 78, 1, 0, '2021-06-08 02:14:08', 'ae08ad20-b7d4-468b-b72f-7d9e8d33d30b'),
(1587, 18, 1, 0, '2021-06-08 02:14:50', 'ae08ad20-b7d4-468b-b72f-7d9e8d33d30b'),
(1588, 39, 1, 0, '2021-06-08 02:14:50', 'ae08ad20-b7d4-468b-b72f-7d9e8d33d30b'),
(1589, 18, 1, 0, '2021-06-08 02:46:14', 'ee429ee2-06fc-4416-8233-3ad5fd3087a2'),
(1590, 3, 1, 0, '2021-06-12 23:33:11', '51a4f509-ed31-4b24-8bc4-0413c3f7a379'),
(1591, 1, 1, 0, '2021-06-12 23:33:11', '51a4f509-ed31-4b24-8bc4-0413c3f7a379'),
(1592, 2, 1, 0, '2021-06-12 23:33:11', '51a4f509-ed31-4b24-8bc4-0413c3f7a379'),
(1593, 4, 1, 0, '2021-06-12 23:33:11', '51a4f509-ed31-4b24-8bc4-0413c3f7a379'),
(1594, 1, 1, 0, '2021-06-12 23:33:48', '51a4f509-ed31-4b24-8bc4-0413c3f7a379'),
(1595, 3, 1, 0, '2021-06-12 23:33:48', '51a4f509-ed31-4b24-8bc4-0413c3f7a379'),
(1596, 75, 10, 0, '2021-06-17 22:55:57', '7feaaa6a-0eb4-48a7-97e1-23e78db71a1a'),
(1597, 75, 10, 0, '2021-06-17 22:56:01', '7feaaa6a-0eb4-48a7-97e1-23e78db71a1a'),
(1598, 88, 10, 0, '2021-06-17 22:56:01', '7feaaa6a-0eb4-48a7-97e1-23e78db71a1a'),
(1604, 27, 5, 0, '2021-06-28 15:32:36', '4927520b-69ec-40b9-8d6d-3e1fc2031850'),
(1605, 25, 5, 0, '2021-06-28 15:32:36', '4927520b-69ec-40b9-8d6d-3e1fc2031850'),
(1606, 28, 5, 0, '2021-06-28 15:50:37', '7feaaa6a-0eb4-48a7-97e1-23e78db71a1a'),
(1607, 41, 5, 0, '2021-06-28 15:50:37', '7feaaa6a-0eb4-48a7-97e1-23e78db71a1a'),
(1608, 22, 5, 0, '2021-06-28 15:50:37', '7feaaa6a-0eb4-48a7-97e1-23e78db71a1a'),
(1609, 75, 5, 0, '2021-06-28 16:15:17', '7feaaa6a-0eb4-48a7-97e1-23e78db71a1a'),
(1610, 26, 5, 0, '2021-06-28 16:15:17', '7feaaa6a-0eb4-48a7-97e1-23e78db71a1a'),
(1611, 32, 5, 0, '2021-06-28 21:16:44', 'c9980946-2e34-4b13-9c8a-547cccefe49d'),
(1612, 23, 5, 0, '2021-06-28 21:16:44', 'c9980946-2e34-4b13-9c8a-547cccefe49d');

-- --------------------------------------------------------

--
-- Table structure for table `item`
--

DROP TABLE IF EXISTS `item`;
CREATE TABLE IF NOT EXISTS `item` (
  `id` int(11) NOT NULL AUTO_INCREMENT,
  `model_id` varchar(60) COLLATE utf8_bin NOT NULL,
  `category_id` int(11) NOT NULL,
  `guid` varchar(60) COLLATE utf8_bin NOT NULL COMMENT 'Global unqie identifer',
  `name` varchar(100) COLLATE utf8_bin NOT NULL COMMENT 'Name of the item',
  PRIMARY KEY (`id`),
  UNIQUE KEY `guid_UNIQUE` (`guid`),
  KEY `fk_output_category1_idx` (`category_id`),
  KEY `fk_output_model1_idx` (`model_id`)
) ENGINE=InnoDB AUTO_INCREMENT=90 DEFAULT CHARSET=utf8 COLLATE=utf8_bin;

--
-- Dumping data for table `item`
--

INSERT INTO `item` (`id`, `model_id`, `category_id`, `guid`, `name`) VALUES
(1, '5d76cc181328534d8cb7d17c', 1, '5d76d4a51328534d8cb7d1a3', 'EB_Storage'),
(2, '5d76cc181328534d8cb7d17c', 1, '5d76d4b11328534d8cb7d1a4', 'RG_SEvap'),
(3, '5d76cc181328534d8cb7d17c', 2, '5d76d4bf1328534d8cb7d1a5', 'Cab_Release'),
(4, '5d76cc181328534d8cb7d17c', 7, '5d76d4d41328534d8cb7d1a6', 'Full_Allocation_AF'),
(5, '5d76cc181328534d8cb7d17c', 1, '5d76d4f11328534d8cb7d1a7', 'MAA_Cum_Loss'),
(6, '5d76cc181328534d8cb7d17c', 7, '5d76d4fc1328534d8cb7d1a8', 'MAA_Ag'),
(7, '5d76cc181328534d8cb7d17c', 2, '5d76d5071328534d8cb7d1a9', 'MAA_Recharge'),
(8, '5d76cc181328534d8cb7d17c', 1, '5d76d5121328534d8cb7d1aa', 'MIDA_Cum_Loss'),
(9, '5d76cc181328534d8cb7d17c', 7, '5d76d51c1328534d8cb7d1ab', 'MIDA_Urban'),
(10, '5d76cc181328534d8cb7d17c', 7, '5d76d5261328534d8cb7d1ac', 'MIDA_Ag'),
(11, '5d76cc181328534d8cb7d17c', 2, '5d76d52f1328534d8cb7d1ad', 'MIDA_Recharge'),
(12, '5d76cc181328534d8cb7d17c', 1, '5d76d5391328534d8cb7d1ae', 'HB_Cum_Loss'),
(13, '5d76cc181328534d8cb7d17c', 1, '5d76d5441328534d8cb7d1af', 'HB_Urban_Cum'),
(14, '5d76cc181328534d8cb7d17c', 1, '5d76d5501328534d8cb7d1b0', 'HB_Ag_Cum'),
(15, '5d76cc181328534d8cb7d17c', 2, '5d76d55b1328534d8cb7d1b1', 'HB_Recharge_Cum'),
(16, '5d8cdb841328534298eacf4a', 1, '5dc09f9adcb3d54d3cb7de2b', 'evaporation'),
(17, '5d8cdb841328534298eacf4a', 2, '5dc0a168dcb3d54d3cb7de2c', 'water_flows'),
(18, '5d8cdb841328534298eacf4a', 1, '5dc0a234dcb3d54d3cb7de2d', 'water_stocks'),
(19, '5d8cdb841328534298eacf4a', 2, '5dc0a314dcb3d54d3cb7de2e', 'river_flows'),
(20, '5d8cdb841328534298eacf4a', 3, '5dc0a3dbdcb3d54d3cb7de2f', 'tot_ben'),
(21, '5d8cdb841328534298eacf4a', 4, '5dc0a5c9dcb3d54d3cb7de30', 'surf_use'),
(22, '5d8cdb841328534298eacf4a', 5, '5dc0a694dcb3d54d3cb7de31', 'urb_price'),
(23, '5d8cdb841328534298eacf4a', 5, '5dc0a70adcb3d54d3cb7de32', 'urb_con_surp'),
(24, '5d8cdb841328534298eacf4a', 5, '5dc0a7d4dcb3d54d3cb7de33', 'urb_use_p_cap'),
(25, '5d8cdb841328534298eacf4a', 3, '5dc0a876dcb3d54d3cb7de34', 'ag_ben'),
(26, '5d8cdb841328534298eacf4a', 3, '5dc0a911dcb3d54d3cb7de35', 'ag_m_value'),
(27, '5d8cdb841328534298eacf4a', 3, '5dc0a995dcb3d54d3cb7de36', 'yield'),
(28, '5d8cdb841328534298eacf4a', 3, '5dc0aa2adcb3d54d3cb7de37', 'ag_sw_use'),
(29, '5d8cdb841328534298eacf4a', 5, '5dc0aab0dcb3d54d3cb7de38', 'urb_pump'),
(30, '5d8cdb841328534298eacf4a', 5, '5dc0ab35dcb3d54d3cb7de39', 'urb_sw_use'),
(31, '5d8cdb841328534298eacf4a', 5, '5dc0aba9dcb3d54d3cb7de3a', 'urb_gross_ben'),
(32, '5d8cdb841328534298eacf4a', 5, '5dc0ac08dcb3d54d3cb7de3b', 'urb_costs'),
(33, '5d8cdb841328534298eacf4a', 4, '5dc0ac80dcb3d54d3cb7de3c', 'urb_value'),
(34, '5d8cdb841328534298eacf4a', 5, '5dc0ad0adcb3d54d3cb7de3d', 'urb_use'),
(35, '5d8cdb841328534298eacf4a', 5, '5dc0ad80dcb3d54d3cb7de3e', 'urb_m_value'),
(36, '5d8cdb841328534298eacf4a', 1, '5dc0ae7ddcb3d54d3cb7de3f', 'surf_area'),
(37, '5d8cdb841328534298eacf4a', 6, '5dc0af2cdcb3d54d3cb7de40', 'env_ben'),
(38, '5d8cdb841328534298eacf4a', 4, '5dc0afcadcb3d54d3cb7de41', 'dnpv_ben'),
(39, '5d8cdb841328534298eacf4a', 4, '5dc0b038dcb3d54d3cb7de42', 'rec_ben'),
(40, '5d8cdb841328534298eacf4a', 1, '5dc0ba02dcb3d54d3cb7de43', 'gw_stocks'),
(41, '5d8cdb841328534298eacf4a', 1, '5dc19dbddcb3d540e4d15ddd', 'aquifer_depth'),
(42, '5d8cdb841328534298eacf4a', 2, '5dc19e96dcb3d540e4d15dde', 'a_return_o'),
(43, '5d8cdb841328534298eacf4a', 2, '5dc19f0cdcb3d540e4d15ddf', 'ag_pump_aq_rch'),
(44, '5d8cdb841328534298eacf4a', 1, '5dc19faedcb3d540e4d15de0', 'precip'),
(45, '5d8cdb841328534298eacf4a', 3, '5dc1a04adcb3d540e4d15de1', 'tacres'),
(46, '5d8cdb841328534298eacf4a', 3, '5dc1a100dcb3d540e4d15de2', 'tswacres'),
(47, '5d8cdb841328534298eacf4a', 3, '5dc1a15ddcb3d540e4d15de3', 'tgwacres'),
(48, '5d8cdb841328534298eacf4a', 3, '5dc1a1badcb3d540e4d15de4', 'ttacres'),
(49, '5d8cdb841328534298eacf4a', 5, '5dc1a23fdcb3d540e4d15de5', 'urb_back_aq_rch'),
(50, '5d8cdb841328534298eacf4a', 4, '5dc1a316dcb3d540e4d15de6', 'avginflows'),
(51, '5d8cdb841328534298eacf4a', 4, '5dc1a36edcb3d540e4d15de7', 'avgwaterdeliveries'),
(52, '5d8cdb841328534298eacf4a', 4, '5dc1a3bfdcb3d540e4d15de8', 'avgswdivertions'),
(53, '5d8cdb841328534298eacf4a', 4, '5dc1a41fdcb3d540e4d15de9', 'avgswuse'),
(54, '5d8cdb841328534298eacf4a', 4, '5dc1a468dcb3d540e4d15dea', 'avgriverflows'),
(55, '5d8cdb841328534298eacf4a', 4, '5dc1a4d9dcb3d540e4d15deb', 'avgagpumping'),
(56, '5d8cdb841328534298eacf4a', 4, '5dc1a538dcb3d540e4d15dec', 'avgurbpumping'),
(57, '5d8cdb841328534298eacf4a', 4, '5dc1a593dcb3d540e4d15ded', 'avgurbbackuse'),
(58, '5d8cdb841328534298eacf4a', 4, '5dc1a5e8dcb3d540e4d15dee', 'avgmxflows'),
(59, '5d8cdb841328534298eacf4a', 4, '5dc1a669dcb3d540e4d15def', 'avgtotagben'),
(60, '5d8cdb841328534298eacf4a', 4, '5dc1a6c9dcb3d540e4d15df0', 'avgrecben'),
(61, '5d8cdb841328534298eacf4a', 4, '5dc1a720dcb3d540e4d15df1', 'avgtoturbben'),
(62, '5d8cdb841328534298eacf4a', 3, '5dc1a7afdcb3d540e4d15df2', 'GWacres'),
(63, '5d8cdb841328534298eacf4a', 4, '5dc1a826dcb3d540e4d15df3', 'avgtotben'),
(64, '5d8cdb841328534298eacf4a', 2, '5dc1a8a5dcb3d540e4d15df4', 'r_return_o'),
(65, '5d8cdb841328534298eacf4a', 3, '5dc1a988dcb3d540e4d15df5', 'SWacres'),
(66, '5d8cdb841328534298eacf4a', 3, '5dc1aa06dcb3d540e4d15df6', 'tot_ag_pump'),
(67, '5d8cdb841328534298eacf4a', 5, '5dc1aa73dcb3d540e4d15df7', 'urb_back_use'),
(68, '5d8cdb841328534298eacf4a', 6, '5dc1aafbdcb3d540e4d15df8', 'urb_revenue'),
(69, '5d8cdb841328534298eacf4a', 6, '5dc1ab77dcb3d540e4d15df9', 'urb_value_af'),
(70, '5d8cdb841328534298eacf4a', 3, '5dc1ac1bdcb3d540e4d15dfa', 'ag_value'),
(71, '5d8cdb841328534298eacf4a', 4, '5dc1ac88dcb3d540e4d15dfb', 'avgstocks'),
(72, '5d8cdb841328534298eacf4a', 2, '5dc1acd7dcb3d540e4d15dfc', 'diversions'),
(73, '5d8cdb841328534298eacf4a', 6, '5dc1ad6adcb3d540e4d15dfd', 'DNPV_import_costs'),
(74, '5d8cdb841328534298eacf4a', 6, '5dc1adc5dcb3d540e4d15dfe', 'DNPV_export_costs'),
(75, '5d8cdb841328534298eacf4a', 6, '5dc1ae07dcb3d540e4d15dff', 'DNPV_ag_ben'),
(76, '5d8cdb841328534298eacf4a', 6, '5dc1b0e2dcb3d540e4d15e00', 'DNPV_urb_ben'),
(77, '5d8cdb841328534298eacf4a', 6, '5dc1b134dcb3d540e4d15e01', 'DNPV_env_riv_ben'),
(78, '5d8cdb841328534298eacf4a', 6, '5dc1b185dcb3d540e4d15e02', 'DNPV_rec_res_ben'),
(79, '5d8cdb841328534298eacf4a', 6, '5dc1b1ccdcb3d540e4d15e03', 'Farm_income_sw'),
(80, '5d8cdb841328534298eacf4a', 6, '5dc1b210dcb3d540e4d15e04', 'Farm_income_gw'),
(81, '5d8cdb841328534298eacf4a', 6, '5dc1b25edcb3d540e4d15e05', 'Farm_income_bt'),
(82, '5d8cdb841328534298eacf4a', 6, '5dc1b2b8dcb3d540e4d15e06', 'shad_price_res'),
(83, '5d8cdb841328534298eacf4a', 6, '5dc1b326dcb3d540e4d15e07', 'shad_price_aqf'),
(84, '5d8cdb841328534298eacf4a', 6, '5dc1b391dcb3d540e4d15e08', 'shad_price_urb_back_use'),
(85, '5d8cdb841328534298eacf4a', 6, '5dc1b408dcb3d540e4d15e09', 'shad_price_ag_back_use'),
(86, '5d8cdb841328534298eacf4a', 1, '5dc1b496dcb3d540e4d15e0a', 'net_recharge'),
(87, '5d8cdb841328534298eacf4a', 3, '5dc1b4e4dcb3d540e4d15e0b', 'tot_ag_bt_use'),
(88, '5d8cdb841328534298eacf4a', 3, '5dc1b527dcb3d540e4d15e0c', 'ag_use');

-- --------------------------------------------------------

--
-- Table structure for table `item_keyword`
--

DROP TABLE IF EXISTS `item_keyword`;
CREATE TABLE IF NOT EXISTS `item_keyword` (
  `id` int(11) NOT NULL AUTO_INCREMENT,
  `keyword` varchar(100) COLLATE utf8_bin NOT NULL,
  `item_id` int(11) NOT NULL,
  `weight` int(11) DEFAULT NULL,
  PRIMARY KEY (`id`),
  KEY `fk_item_keyword_item1_idx` (`item_id`)
) ENGINE=InnoDB AUTO_INCREMENT=4976 DEFAULT CHARSET=utf8 COLLATE=utf8_bin;

--
-- Dumping data for table `item_keyword`
--

INSERT INTO `item_keyword` (`id`, `keyword`, `item_id`, `weight`) VALUES
(4332, 'projected', 1, 2),
(4333, 'volume', 1, 3),
(4334, 'year', 1, 3),
(4335, 'surface', 1, 4),
(4336, 'water', 1, 3),
(4337, 'stored', 1, 2),
(4338, 'reservoir', 1, 4),
(4339, 'elephant', 1, 3),
(4340, 'butte', 1, 3),
(4341, 'project', 1, 8),
(4342, 'end', 1, 1),
(4343, 'surface', 2, 4),
(4344, 'water', 2, 3),
(4345, 'due', 2, 3),
(4346, 'caballo', 2, 3),
(4347, 'open', 2, 5),
(4348, 'storage', 2, 4),
(4349, 'reservoir', 2, 4),
(4350, 'location', 2, 2),
(4351, 'elephant', 2, 3),
(4352, 'butte', 2, 3),
(4353, 'evaporation', 2, 1),
(4354, 'volume', 3, 3),
(4355, 'surface', 3, 4),
(4356, 'water', 3, 3),
(4357, 'caballo', 3, 3),
(4358, 'annual', 3, 4),
(4359, 'region', 3, 4),
(4360, 'irrigation', 3, 3),
(4361, 'stream', 3, 6),
(4362, 'released', 3, 7),
(4363, 'regional', 3, 3),
(4364, 'consumption', 3, 3),
(4365, 'release', 3, 2),
(4366, 'directed', 3, 1),
(4367, 'district', 3, 3),
(4368, 'reservoir', 3, 4),
(4369, 'elephant', 3, 3),
(4370, 'butte', 3, 3),
(4371, 'sum', 3, 2),
(4372, '2008', 3, 8),
(4373, 'rio', 3, 6),
(4374, 'grande', 3, 6),
(4375, 'project', 3, 8),
(4376, 'operating', 3, 8),
(4377, 'agreement', 3, 8),
(4378, 'located', 3, 4),
(4379, 'upstream', 3, 4),
(4380, 'city', 3, 1),
(4381, 'caballo', 4, 3),
(4382, 'stream', 4, 6),
(4383, 'downstream', 4, 2),
(4384, 'reservor', 4, 2),
(4385, 'user', 4, 1),
(4386, 'location', 4, 2),
(4387, '2008', 4, 8),
(4388, 'rio', 4, 6),
(4389, 'grande', 4, 6),
(4390, 'project', 4, 8),
(4391, 'operating', 4, 8),
(4392, 'agreement', 4, 8),
(4393, 'full', 4, 8),
(4394, 'allocation', 4, 8),
(4395, 'total', 5, 5),
(4396, 'water', 5, 3),
(4397, 'urban', 5, 3),
(4398, 'consumptive', 5, 4),
(4399, 'sector', 5, 3),
(4400, 'aquifer', 5, 4),
(4401, 'depth', 5, 5),
(4402, 'mesilla', 5, 3),
(4403, 'agricultural', 5, 3),
(4404, 'sum', 5, 2),
(4405, 'shallow', 5, 5),
(4406, 'water', 6, 3),
(4407, 'annual', 6, 4),
(4408, 'consumptive', 6, 4),
(4409, 'aquifer', 6, 4),
(4410, 'depth', 6, 5),
(4411, 'mesilla', 6, 3),
(4412, 'agricultural', 6, 3),
(4413, 'sum', 6, 2),
(4414, 'shallow', 6, 5),
(4415, 'water', 7, 3),
(4416, 'annual', 7, 4),
(4417, 'aquifer', 7, 4),
(4418, 'depth', 7, 5),
(4419, 'mesilla', 7, 3),
(4420, 'recharge', 7, 3),
(4421, 'charge', 7, 3),
(4422, 'shallow', 7, 5),
(4423, 'water', 8, 3),
(4424, 'urban', 8, 3),
(4425, 'annual', 8, 4),
(4426, 'consumptive', 8, 4),
(4427, 'sector', 8, 3),
(4428, 'aquifer', 8, 4),
(4429, 'mesilla', 8, 3),
(4430, 'intermediate', 8, 2),
(4431, 'agricultural', 8, 3),
(4432, 'deep', 8, 4),
(4433, 'sum', 8, 2),
(4434, 'water', 9, 3),
(4435, 'urban', 9, 3),
(4436, 'annual', 9, 4),
(4437, 'consumptive', 9, 4),
(4438, 'aquifer', 9, 4),
(4439, 'mesilla', 9, 3),
(4440, 'intermediate', 9, 2),
(4441, 'deep', 9, 4),
(4442, 'sum', 9, 2),
(4443, 'water', 10, 3),
(4444, 'annual', 10, 4),
(4445, 'consumptive', 10, 4),
(4446, 'aquifer', 10, 4),
(4447, 'mesilla', 10, 3),
(4448, 'intermediate', 10, 2),
(4449, 'agricultural', 10, 3),
(4450, 'deep', 10, 4),
(4451, 'sum', 10, 2),
(4452, 'water', 11, 3),
(4453, 'annual', 11, 4),
(4454, 'aquifer', 11, 4),
(4455, 'depth', 11, 5),
(4456, 'mesilla', 11, 3),
(4457, 'intermediate', 11, 2),
(4458, 'deep', 11, 4),
(4459, 'recharge', 11, 3),
(4460, 'charge', 11, 3),
(4461, 'total', 12, 5),
(4462, 'water', 12, 3),
(4463, 'urban', 12, 3),
(4464, 'consumptive', 12, 4),
(4465, 'sector', 12, 3),
(4466, 'aquifer', 12, 4),
(4467, 'agricultural', 12, 3),
(4468, 'hueco', 12, 4),
(4469, 'bolson', 12, 4),
(4470, 'sum', 12, 2),
(4471, 'water', 13, 3),
(4472, 'urban', 13, 3),
(4473, 'annual', 13, 4),
(4474, 'consumptive', 13, 4),
(4475, 'aquifer', 13, 4),
(4476, 'hueco', 13, 4),
(4477, 'bolson', 13, 4),
(4478, 'sum', 13, 2),
(4479, 'water', 14, 3),
(4480, 'annual', 14, 4),
(4481, 'consumptive', 14, 4),
(4482, 'aquifer', 14, 4),
(4483, 'agricultural', 14, 3),
(4484, 'hueco', 14, 4),
(4485, 'bolson', 14, 4),
(4486, 'sum', 14, 2),
(4487, 'water', 15, 3),
(4488, 'annual', 15, 4),
(4489, 'recharge', 15, 3),
(4490, 'hueco', 15, 4),
(4491, 'bolson', 15, 4),
(4492, 'charge', 15, 3),
(4493, 'volume', 16, 3),
(4494, 'year', 16, 3),
(4495, 'surface', 16, 4),
(4496, 'water', 16, 3),
(4497, 'due', 16, 3),
(4498, 'area', 16, 4),
(4499, 'estimated', 16, 3),
(4500, 'reservoir', 16, 4),
(4501, 'evaporation', 16, 1),
(4502, 'year', 17, 3),
(4503, 'water', 17, 3),
(4504, 'accounting', 17, 2),
(4505, 'yearly', 17, 4),
(4506, 'rio', 17, 6),
(4507, 'point', 17, 1),
(4508, 'volume', 18, 3),
(4509, 'year', 18, 3),
(4510, 'water', 18, 3),
(4511, 'stored', 18, 2),
(4512, 'caballo', 18, 3),
(4513, 'average', 18, 5),
(4514, 'reservoir', 18, 4),
(4515, 'elephant', 18, 3),
(4516, 'butte', 18, 3),
(4517, 'volume', 19, 3),
(4518, 'year', 19, 3),
(4519, 'water', 19, 3),
(4520, 'region', 19, 4),
(4521, 'river', 19, 2),
(4522, 'estimated', 19, 3),
(4523, 'specific', 19, 2),
(4524, 'location', 19, 2),
(4525, 'flowed', 19, 2),
(4526, 'passed', 19, 2),
(4527, 'year', 20, 3),
(4528, 'sector', 20, 3),
(4529, 'region', 20, 4),
(4530, 'economic', 20, 4),
(4531, 'generated', 20, 5),
(4532, 'cumulative', 20, 6),
(4533, 'yearly', 20, 4),
(4534, 'agricultural', 20, 3),
(4535, 'entire', 20, 3),
(4536, 'surface', 21, 4),
(4537, 'water', 21, 3),
(4538, 'amount', 21, 3),
(4539, 'effective', 21, 3),
(4540, 'irrigation', 21, 3),
(4541, 'source', 21, 3),
(4542, 'district', 21, 3),
(4543, 'sum', 21, 2),
(4544, 'consumed', 21, 2),
(4545, 'sourced', 21, 3),
(4546, 'water', 22, 3),
(4547, 'urban', 22, 3),
(4548, 'charge', 22, 3),
(4549, 'water', 23, 3),
(4550, 'urban', 23, 3),
(4551, 'household', 23, 3),
(4552, 'charged', 23, 1),
(4553, 'difference', 23, 1),
(4554, 'charge', 23, 3),
(4555, 'pay', 23, 1),
(4556, 'total', 24, 5),
(4557, 'water', 24, 3),
(4558, 'urban', 24, 3),
(4559, 'household', 24, 3),
(4560, 'number', 24, 2),
(4561, 'consumption', 24, 3),
(4562, 'sum', 24, 2),
(4563, 'divided', 24, 6),
(4564, 'year', 25, 3),
(4565, 'total', 25, 5),
(4566, 'agriculture', 25, 4),
(4567, 'irrigation', 25, 3),
(4568, 'generated', 25, 5),
(4569, 'district', 25, 3),
(4570, 'water', 26, 3),
(4571, 'amount', 26, 3),
(4572, 'sector', 26, 3),
(4573, 'additional', 26, 1),
(4574, 'economic', 26, 4),
(4575, 'agricultural', 26, 3),
(4576, 'increased', 26, 2),
(4577, 'crop', 27, 2),
(4578, 'volume', 28, 3),
(4579, 'year', 28, 3),
(4580, 'surface', 28, 4),
(4581, 'water', 28, 3),
(4582, 'effective', 28, 3),
(4583, 'irrigation', 28, 3),
(4584, 'crop', 28, 2),
(4585, 'diverted', 28, 2),
(4586, 'district', 28, 3),
(4587, 'rio', 28, 6),
(4588, 'grande', 28, 6),
(4589, 'volume', 29, 3),
(4590, 'water', 29, 3),
(4591, 'urban', 29, 3),
(4592, 'annual', 29, 4),
(4593, 'aquifer', 29, 4),
(4594, 'source', 29, 3),
(4595, 'underlying', 29, 3),
(4596, 'sourced', 29, 3),
(4597, 'volume', 30, 3),
(4598, 'surface', 30, 4),
(4599, 'water', 30, 3),
(4600, 'urban', 30, 3),
(4601, 'effective', 30, 3),
(4602, 'sector', 30, 3),
(4603, 'source', 30, 3),
(4604, 'sum', 30, 2),
(4605, 'consumed', 30, 2),
(4606, 'sourced', 30, 3),
(4607, 'water', 31, 3),
(4608, 'urban', 31, 3),
(4609, 'revenue', 31, 4),
(4610, 'water', 32, 3),
(4611, 'urban', 32, 3),
(4612, 'household', 32, 3),
(4613, 'cost', 32, 3),
(4614, 'consumption', 32, 3),
(4615, 'delivering', 32, 2),
(4616, 'sum', 32, 2),
(4617, 'total', 33, 5),
(4618, 'water', 33, 3),
(4619, 'urban', 33, 3),
(4620, 'sector', 33, 3),
(4621, 'economic', 33, 4),
(4622, 'generated', 33, 5),
(4623, 'net', 33, 7),
(4624, 'volume', 34, 3),
(4625, 'total', 34, 5),
(4626, 'water', 34, 3),
(4627, 'urban', 34, 3),
(4628, 'effective', 34, 3),
(4629, 'sector', 34, 3),
(4630, 'sum', 34, 2),
(4631, 'consumed', 34, 2),
(4632, 'effectively', 34, 3),
(4633, 'water', 35, 3),
(4634, 'amount', 35, 3),
(4635, 'urban', 35, 3),
(4636, 'sector', 35, 3),
(4637, 'additional', 35, 1),
(4638, 'economic', 35, 4),
(4639, 'increased', 35, 2),
(4640, 'surface', 36, 4),
(4641, 'water', 36, 3),
(4642, 'land', 36, 4),
(4643, 'area', 36, 4),
(4644, 'covered', 36, 3),
(4645, 'storage', 36, 4),
(4646, 'location', 36, 2),
(4647, 'natural', 37, 2),
(4648, 'economic', 37, 4),
(4649, 'generated', 37, 5),
(4650, 'habitat', 37, 2),
(4651, 'maintenance', 37, 2),
(4652, 'restoration', 37, 2),
(4653, 'water', 38, 3),
(4654, 'sector', 38, 3),
(4655, 'region', 38, 4),
(4656, 'economic', 38, 4),
(4657, 'generated', 38, 5),
(4658, 'sum', 38, 2),
(4659, 'year', 39, 3),
(4660, 'surface', 39, 4),
(4661, 'economic', 39, 4),
(4662, 'generated', 39, 5),
(4663, 'boating', 39, 1),
(4664, 'reservoir', 39, 4),
(4665, 'recreation', 39, 2),
(4666, 'fishing', 39, 1),
(4667, 'volume', 40, 3),
(4668, 'water', 40, 3),
(4669, 'average', 40, 5),
(4670, 'aquifer', 40, 4),
(4671, 'mesilla', 40, 3),
(4672, 'estimated', 40, 3),
(4673, 'storage', 40, 4),
(4674, 'hueco', 40, 4),
(4675, 'bolson', 40, 4),
(4676, 'groundwater', 40, 5),
(4677, 'annual', 41, 4),
(4678, 'average', 41, 5),
(4679, 'aquifer', 41, 4),
(4680, 'depth', 41, 5),
(4681, 'rio', 41, 6),
(4682, 'period', 41, 3),
(4683, 'year', 42, 3),
(4684, 'water', 42, 3),
(4685, 'residual', 42, 5),
(4686, 'irrigation', 42, 3),
(4687, 'aquifer', 42, 4),
(4688, 'river', 42, 2),
(4689, 'returned', 42, 2),
(4690, 'underlying', 42, 3),
(4691, 'year', 43, 3),
(4692, 'water', 43, 3),
(4693, 'residual', 43, 5),
(4694, 'irrigation', 43, 3),
(4695, 'aquifer', 43, 4),
(4696, 'returned', 43, 2),
(4697, 'underlying', 43, 3),
(4698, 'back', 43, 2),
(4699, 'pumped', 43, 3),
(4700, 'underground', 43, 2),
(4701, 'volume', 44, 3),
(4702, 'year', 44, 3),
(4703, 'derived', 44, 4),
(4704, 'surface', 44, 4),
(4705, 'water', 44, 3),
(4706, 'area', 44, 4),
(4707, 'yearly', 44, 4),
(4708, 'estimated', 44, 3),
(4709, 'reservoir', 44, 4),
(4710, 'rainfall', 44, 1),
(4711, 'total', 45, 5),
(4712, 'irrigation', 45, 3),
(4713, 'land', 45, 4),
(4714, 'area', 45, 4),
(4715, 'coverage', 45, 6),
(4716, 'crop', 45, 2),
(4717, 'district', 45, 3),
(4718, 'production', 45, 2),
(4719, 'type', 45, 1),
(4720, 'surface', 46, 4),
(4721, 'water', 46, 3),
(4722, 'area', 46, 4),
(4723, 'reservoir', 46, 4),
(4724, 'surface', 47, 4),
(4725, 'water', 47, 3),
(4726, 'land', 47, 4),
(4727, 'area', 47, 4),
(4728, 'crop', 47, 2),
(4729, 'agricultural', 47, 3),
(4730, 'pumped', 47, 3),
(4731, 'groundwater', 47, 5),
(4732, 'production', 47, 2),
(4733, 'year', 48, 3),
(4734, 'total', 48, 5),
(4735, 'irrigation', 48, 3),
(4736, 'land', 48, 4),
(4737, 'area', 48, 4),
(4738, 'coverage', 48, 6),
(4739, 'crop', 48, 2),
(4740, 'district', 48, 3),
(4741, 'production', 48, 2),
(4742, 'water', 49, 3),
(4743, 'urban', 49, 3),
(4744, 'residual', 49, 5),
(4745, 'aquifer', 49, 4),
(4746, 'alternative', 49, 2),
(4747, 'returned', 49, 2),
(4748, 'source', 49, 3),
(4749, 'extracted', 49, 3),
(4750, 'water', 62, 3),
(4751, 'land', 62, 4),
(4752, 'crop', 62, 2),
(4753, 'majority', 62, 1),
(4754, 'producing', 62, 4),
(4755, 'pumped', 62, 3),
(4756, 'supplied', 62, 1),
(4757, 'water', 64, 3),
(4758, 'consumptive', 64, 4),
(4759, 'residual', 64, 5),
(4760, 'river', 64, 2),
(4761, 'stream', 64, 6),
(4762, 'returned', 64, 2),
(4763, 'diverted', 64, 2),
(4764, 'back', 64, 2),
(4765, 'sum', 64, 2),
(4766, 'surface', 65, 4),
(4767, 'water', 65, 3),
(4768, 'land', 65, 4),
(4769, 'area', 65, 4),
(4770, 'crop', 65, 2),
(4771, 'storage', 65, 4),
(4772, 'reservoir', 65, 4),
(4773, 'agricultural', 65, 3),
(4774, 'production', 65, 2),
(4775, 'volume', 66, 3),
(4776, 'water', 66, 3),
(4777, 'irrigation', 66, 3),
(4778, 'aquifer', 66, 4),
(4779, 'mesilla', 66, 3),
(4780, 'district', 66, 3),
(4781, 'pumped', 66, 3),
(4782, 'hueco', 66, 4),
(4783, 'bolson', 66, 4),
(4784, 'volume', 67, 3),
(4785, 'water', 67, 3),
(4786, 'urban', 67, 3),
(4787, 'effective', 67, 3),
(4788, 'sector', 67, 3),
(4789, 'alternative', 67, 2),
(4790, 'blackish', 67, 5),
(4791, 'desalination', 67, 3),
(4792, 'source', 67, 3),
(4793, 'extracted', 67, 3),
(4794, 'sum', 67, 2),
(4795, 'technology', 67, 1),
(4796, 'consumed', 67, 2),
(4797, 'water', 68, 3),
(4798, 'revenue', 68, 4),
(4799, 'generated', 68, 5),
(4800, 'local', 68, 5),
(4801, 'utility', 68, 5),
(4802, 'supplier', 68, 5),
(4803, 'water', 69, 3),
(4804, 'economic', 69, 4),
(4805, 'total', 70, 5),
(4806, 'region', 70, 4),
(4807, 'irrigation', 70, 3),
(4808, 'economic', 70, 4),
(4809, 'generated', 70, 5),
(4810, 'crop', 70, 2),
(4811, 'district', 70, 3),
(4812, 'rio', 70, 6),
(4813, 'project', 70, 8),
(4814, 'period', 70, 3),
(4815, 'type', 70, 1),
(4816, 'projection', 70, 2),
(4817, 'surface', 72, 4),
(4818, 'water', 72, 3),
(4819, 'extraction', 72, 2),
(4820, 'source', 72, 3),
(4821, 'groundwater', 72, 5),
(4822, 'water', 73, 3),
(4823, 'importation', 73, 3),
(4824, 'due', 73, 3),
(4825, 'region', 73, 4),
(4826, 'generated', 73, 5),
(4827, 'local', 73, 5),
(4828, 'regional', 73, 3),
(4829, 'source', 73, 3),
(4830, 'city', 73, 1),
(4831, 'scarcity', 73, 5),
(4832, 'surface', 74, 4),
(4833, 'water', 74, 3),
(4834, 'due', 74, 3),
(4835, 'cost', 74, 3),
(4836, 'economic', 74, 4),
(4837, 'supply', 74, 2),
(4838, 'exporting', 74, 4),
(4839, 'sector', 75, 3),
(4840, 'irrigation', 75, 3),
(4841, 'generated', 75, 5),
(4842, 'district', 75, 3),
(4843, 'agricultural', 75, 3),
(4844, 'sum', 75, 2),
(4845, 'income', 75, 7),
(4846, 'rio', 75, 6),
(4847, 'project', 75, 8),
(4848, 'acumulated', 75, 9),
(4849, 'period', 75, 3),
(4850, 'projection', 75, 2),
(4851, 'water', 76, 3),
(4852, 'urban', 76, 3),
(4853, 'economic', 76, 4),
(4854, 'generated', 76, 5),
(4855, 'adjustment', 76, 1),
(4856, 'accumulated', 76, 6),
(4857, 'inflation', 76, 1),
(4858, 'time', 76, 3),
(4859, 'rio', 76, 6),
(4860, 'project', 76, 8),
(4861, 'period', 76, 3),
(4862, 'projection', 76, 2),
(4863, 'total', 77, 5),
(4864, 'water', 77, 3),
(4865, 'amount', 77, 3),
(4866, 'generated', 77, 5),
(4867, 'habitat', 77, 2),
(4868, 'maintenance', 77, 2),
(4869, 'estimated', 77, 3),
(4870, 'restoration', 77, 2),
(4871, 'time', 77, 3),
(4872, 'rio', 77, 6),
(4873, 'set', 77, 2),
(4874, 'period', 77, 3),
(4875, 'total', 78, 5),
(4876, 'surface', 78, 4),
(4877, 'economic', 78, 4),
(4878, 'generated', 78, 5),
(4879, 'boating', 78, 1),
(4880, 'reservoir', 78, 4),
(4881, 'rio', 78, 6),
(4882, 'project', 78, 8),
(4883, 'recreation', 78, 2),
(4884, 'period', 78, 3),
(4885, 'projecton', 78, 2),
(4886, 'fishing', 78, 1),
(4887, 'derived', 79, 4),
(4888, 'surface', 79, 4),
(4889, 'water', 79, 3),
(4890, 'sector', 79, 3),
(4891, 'economic', 79, 4),
(4892, 'generated', 79, 5),
(4893, 'reservoir', 79, 4),
(4894, 'agricultural', 79, 3),
(4895, 'total', 80, 5),
(4896, 'agriculture', 80, 4),
(4897, 'derived', 80, 4),
(4898, 'water', 80, 3),
(4899, 'aquifer', 80, 4),
(4900, 'crop', 80, 2),
(4901, 'district', 80, 3),
(4902, 'pumping', 80, 2),
(4903, 'derived', 81, 4),
(4904, 'water', 81, 3),
(4905, 'alternative', 81, 2),
(4906, 'desalination', 81, 3),
(4907, 'source', 81, 3),
(4908, 'extracted', 81, 3),
(4909, 'farm', 81, 6),
(4910, 'income', 81, 7),
(4911, 'techonology', 81, 1),
(4912, 'brackish', 81, 2),
(4913, 'volume', 82, 3),
(4914, 'approximate', 82, 4),
(4915, 'unit', 82, 3),
(4916, 'cost', 82, 3),
(4917, 'user', 82, 1),
(4918, 'storage', 82, 4),
(4919, 'reservoir', 82, 4),
(4920, 'maintain', 82, 2),
(4921, 'time', 82, 3),
(4922, 'rio', 82, 6),
(4923, 'period', 82, 3),
(4924, 'cost', 83, 3),
(4925, 'aquifer', 83, 4),
(4926, 'economic', 83, 4),
(4927, 'user', 83, 1),
(4928, 'storage', 83, 4),
(4929, 'protect', 83, 3),
(4930, 'level', 83, 3),
(4931, 'year', 84, 3),
(4932, 'water', 84, 3),
(4933, 'urban', 84, 3),
(4934, 'sector', 84, 3),
(4935, 'unit', 84, 3),
(4936, 'cost', 84, 3),
(4937, 'alternative', 84, 2),
(4938, 'source', 84, 3),
(4939, 'year', 85, 3),
(4940, 'agriculture', 85, 4),
(4941, 'water', 85, 3),
(4942, 'sector', 85, 3),
(4943, 'unit', 85, 3),
(4944, 'cost', 85, 3),
(4945, 'alternative', 85, 2),
(4946, 'source', 85, 3),
(4947, 'year', 86, 3),
(4948, 'water', 86, 3),
(4949, 'aquifer', 86, 4),
(4950, 'mesilla', 86, 3),
(4951, 'yearly', 86, 4),
(4952, 'recharge', 86, 3),
(4953, 'hueco', 86, 4),
(4954, 'bolson', 86, 4),
(4955, 'charge', 86, 3),
(4956, 'balance', 86, 2),
(4957, 'depletion', 86, 2),
(4958, 'volume', 87, 3),
(4959, 'water', 87, 3),
(4960, 'aquifer', 87, 4),
(4961, 'stream', 87, 6),
(4962, 'alternative', 87, 2),
(4963, 'local', 87, 5),
(4964, 'system', 87, 7),
(4965, 'source', 87, 3),
(4966, 'agricultural', 87, 3),
(4967, 'extracted', 87, 3),
(4968, 'volume', 88, 3),
(4969, 'year', 88, 3),
(4970, 'surface', 88, 4),
(4971, 'water', 88, 3),
(4972, 'effective', 88, 3),
(4973, 'irrigation', 88, 3),
(4974, 'district', 88, 3),
(4975, 'pumped', 88, 3);

-- --------------------------------------------------------

--
-- Table structure for table `model`
--

DROP TABLE IF EXISTS `model`;
CREATE TABLE IF NOT EXISTS `model` (
  `id` varchar(60) COLLATE utf8_bin NOT NULL,
  `name` varchar(300) COLLATE utf8_bin NOT NULL COMMENT 'Label for the model',
  `context_iri` varchar(300) COLLATE utf8_bin DEFAULT NULL COMMENT 'json-ld uri to provide semantics',
  PRIMARY KEY (`id`)
) ENGINE=InnoDB DEFAULT CHARSET=utf8 COLLATE=utf8_bin;

--
-- Dumping data for table `model`
--

INSERT INTO `model` (`id`, `name`, `context_iri`) VALUES
('5d76cc181328534d8cb7d17c', 'Water Balance Model', NULL),
('5d8cdb841328534298eacf4a', 'Hydroeconomic Optimization Model', NULL);

-- --------------------------------------------------------

--
-- Table structure for table `role`
--

DROP TABLE IF EXISTS `role`;
CREATE TABLE IF NOT EXISTS `role` (
  `id` int(11) NOT NULL AUTO_INCREMENT,
  `name` varchar(200) COLLATE utf8_bin NOT NULL COMMENT 'Label of the user group.',
  PRIMARY KEY (`id`)
) ENGINE=InnoDB AUTO_INCREMENT=12 DEFAULT CHARSET=utf8 COLLATE=utf8_bin;

--
-- Dumping data for table `role`
--

INSERT INTO `role` (`id`, `name`) VALUES
(1, 'Researcher'),
(2, 'Water Manager'),
(3, 'Farmer'),
(4, 'City Resident'),
(5, 'Educator'),
(6, 'Student'),
(7, 'Other'),
(8, 'Rural Resident'),
(9, 'Undefined'),
(10, 'Environmentalist'),
(11, 'Regulator');

-- --------------------------------------------------------

--
-- Table structure for table `role_keyword`
--

DROP TABLE IF EXISTS `role_keyword`;
CREATE TABLE IF NOT EXISTS `role_keyword` (
  `id` int(11) NOT NULL AUTO_INCREMENT,
  `keyword` varchar(100) COLLATE utf8_bin NOT NULL,
  `role_id` int(11) NOT NULL,
  `weight` int(11) DEFAULT NULL,
  PRIMARY KEY (`id`),
  KEY `fk_role_keyword_role1_idx` (`role_id`)
) ENGINE=InnoDB AUTO_INCREMENT=232 DEFAULT CHARSET=utf8 COLLATE=utf8_bin;

--
-- Dumping data for table `role_keyword`
--

INSERT INTO `role_keyword` (`id`, `keyword`, `role_id`, `weight`) VALUES
(1, 'reservoir', 2, 1),
(2, 'elephant', 2, 1),
(3, 'stored', 2, 5),
(4, 'surface', 2, 5),
(5, 'release', 2, 5),
(6, 'caballo', 2, 1),
(7, 'allocation', 2, 5),
(8, 'irrigation', 2, 5),
(9, 'district', 2, 1),
(10, 'project', 2, 1),
(11, 'operating', 2, 1),
(12, 'full', 2, 1),
(13, 'aquifer', 2, 5),
(14, 'pumped', 2, 1),
(15, 'mesilla', 2, 1),
(16, 'hueco', 2, 1),
(17, 'shallow', 2, 1),
(18, 'intermediate', 2, 1),
(19, 'depth', 2, 5),
(20, 'consumptive', 2, 1),
(21, 'recharge', 2, 1),
(22, 'point', 2, 1),
(23, 'river', 2, 1),
(24, 'flowed', 2, 1),
(25, 'passed', 2, 1),
(26, 'crop', 2, 1),
(27, 'agriculture', 2, 5),
(28, 'urban', 2, 5),
(29, 'charge', 2, 5),
(30, 'natural', 2, 1),
(31, 'habitat', 2, 5),
(32, 'restoration', 2, 1),
(33, 'region', 2, 5),
(34, 'economic', 2, 1),
(35, 'recreation', 2, 5),
(36, 'fishing', 2, 1),
(37, 'boating', 2, 1),
(38, 'rainfall', 2, 5),
(39, 'coverage', 2, 1),
(40, 'production', 2, 1),
(41, 'alternative', 2, 5),
(42, 'desalination', 2, 1),
(43, 'technology', 2, 5),
(44, 'importation', 2, 5),
(45, 'income', 2, 5),
(46, 'generated', 2, 5),
(47, 'cost', 2, 5),
(48, 'consumption', 2, 1),
(49, 'consumed', 2, 1),
(50, 'agricultural', 2, 1),
(51, 'consumption', 2, 1),
(52, 'released', 2, 5),
(53, 'storage', 2, 5),
(54, 'reservoir', 3, 1),
(55, 'elephant', 3, 1),
(56, 'stored', 3, 5),
(57, 'surface', 3, 5),
(58, 'release', 3, 5),
(59, 'caballo', 3, 1),
(60, 'allocation', 3, 5),
(61, 'irrigation', 3, 5),
(62, 'district', 3, 1),
(63, 'aquifer', 3, 5),
(64, 'pumped', 3, 1),
(65, 'mesilla', 3, 1),
(66, 'hueco', 3, 1),
(67, 'shallow', 3, 1),
(68, 'intermediate', 3, 1),
(69, 'depth', 3, 5),
(70, 'consumptive', 3, 1),
(71, 'recharge', 3, 1),
(72, 'economic', 3, 1),
(73, 'generated', 3, 1),
(74, 'agriculture', 3, 5),
(75, 'area', 3, 1),
(76, 'coverage', 3, 1),
(77, 'crop', 3, 5),
(78, 'production', 3, 1),
(79, 'storage', 3, 5),
(80, 'released', 3, 5),
(81, 'consumption', 3, 1),
(82, 'consumed', 3, 1),
(83, 'agricultural', 3, 1),
(84, 'urban', 4, 5),
(85, 'alternative', 4, 5),
(86, 'desalination', 4, 1),
(87, 'technology', 4, 1),
(88, 'aquifer', 4, 5),
(89, 'hueco', 4, 1),
(90, 'mesilla', 4, 1),
(91, 'depth', 4, 1),
(92, 'groundwater', 4, 1),
(93, 'consumptive', 4, 1),
(94, 'reservoir', 4, 1),
(95, 'elephant', 4, 1),
(96, 'caballo', 4, 1),
(97, 'release', 4, 1),
(98, 'boating', 4, 1),
(99, 'recreation', 4, 1),
(100, 'fishing', 4, 1),
(101, 'habitat', 4, 1),
(102, 'maintenance', 4, 1),
(103, 'restoration', 4, 1),
(104, 'sector', 4, 5),
(105, 'region', 4, 1),
(106, 'economic', 4, 5),
(107, 'generated', 4, 1),
(108, 'cost', 4, 5),
(109, 'charge', 4, 1),
(110, 'pay', 4, 5),
(111, 'consumption', 4, 1),
(112, 'household', 4, 5),
(113, 'revenue', 4, 1),
(114, 'released', 4, 1),
(115, 'charged', 4, 1),
(116, 'consumed', 4, 1),
(117, 'aquifer', 5, 5),
(118, 'hueco', 5, 1),
(119, 'mesilla', 5, 1),
(120, 'depth', 5, 1),
(121, 'groundwater', 5, 1),
(122, 'storage', 5, 1),
(123, 'reservoir', 5, 1),
(124, 'elephant', 5, 1),
(125, 'caballo', 5, 1),
(126, 'release', 5, 1),
(127, 'river', 5, 1),
(128, 'flow', 5, 1),
(129, 'habitat', 5, 1),
(130, 'maintenance', 5, 1),
(131, 'restoration', 5, 1),
(132, 'sector', 5, 1),
(133, 'region', 5, 1),
(134, 'economic', 5, 1),
(135, 'generated', 5, 1),
(136, 'stored', 5, 1),
(137, 'released', 5, 1),
(138, 'flowed', 5, 1),
(139, 'aquifer', 6, 5),
(140, 'hueco', 6, 1),
(141, 'mesilla', 6, 1),
(142, 'depth', 6, 1),
(143, 'groundwater', 6, 1),
(144, 'storage', 6, 1),
(145, 'reservoir', 6, 1),
(146, 'elephant', 6, 1),
(147, 'caballo', 6, 1),
(148, 'release', 6, 1),
(149, 'river', 6, 1),
(150, 'flow', 6, 1),
(151, 'habitat', 6, 1),
(152, 'maintenance', 6, 1),
(153, 'restoration', 6, 1),
(154, 'sector', 6, 1),
(155, 'region', 6, 1),
(156, 'economic', 6, 1),
(157, 'generated', 6, 1),
(158, 'reservoir', 8, 1),
(159, 'elephant', 8, 1),
(160, 'stored', 8, 5),
(161, 'surface', 8, 5),
(162, 'release', 8, 5),
(163, 'caballo', 8, 1),
(164, 'allocation', 8, 5),
(165, 'irrigation', 8, 5),
(166, 'district', 8, 1),
(167, 'aquifer', 8, 5),
(168, 'pumped', 8, 1),
(169, 'mesilla', 8, 1),
(170, 'hueco', 8, 1),
(171, 'shallow', 8, 1),
(172, 'intermediate', 8, 1),
(173, 'depth', 8, 5),
(174, 'consumptive', 8, 1),
(175, 'boating', 8, 1),
(176, 'recreation', 8, 1),
(177, 'fishing', 8, 1),
(178, 'habitat', 8, 1),
(179, 'maintenance', 8, 1),
(180, 'restoration', 8, 1),
(181, 'crop', 8, 1),
(182, 'agriculture', 8, 1),
(183, 'yield', 8, 1),
(184, 'consumption', 8, 1),
(185, 'reservoir', 8, 1),
(186, 'consumed', 8, 1),
(187, 'elephant', 8, 1),
(188, 'stored', 10, 5),
(189, 'surface', 10, 5),
(190, 'release', 10, 5),
(191, 'caballo', 10, 1),
(192, 'allocation', 10, 5),
(193, 'natural', 10, 1),
(194, 'habitat', 10, 5),
(195, 'maintenance', 10, 1),
(196, 'restoration', 10, 5),
(197, 'point', 10, 1),
(198, 'river', 10, 5),
(199, 'flowed', 10, 1),
(200, 'passed', 10, 1),
(201, 'natural', 10, 5),
(202, 'reservoir', 10, 1),
(203, 'elephant', 10, 1),
(204, 'stored', 11, 5),
(205, 'surface', 11, 5),
(206, 'release', 11, 5),
(207, 'caballo', 11, 1),
(208, 'allocation', 11, 5),
(209, 'irrigation', 11, 5),
(210, 'district', 11, 1),
(211, 'project', 11, 1),
(212, 'operating', 11, 1),
(213, 'full', 11, 1),
(214, 'aquifer', 11, 5),
(215, 'pumped', 11, 1),
(216, 'mesilla', 11, 1),
(217, 'hueco', 11, 1),
(218, 'shallow', 11, 1),
(219, 'intermediate', 11, 1),
(220, 'depth', 11, 5),
(221, 'consumptive', 11, 1),
(222, 'recharge', 11, 1),
(223, 'point', 11, 1),
(224, 'river', 11, 1),
(225, 'flowed', 11, 1),
(226, 'passed', 11, 1),
(227, 'region', 11, 5),
(228, 'economic', 11, 1),
(229, 'income', 11, 5),
(230, 'generated', 11, 5),
(231, 'cost', 11, 5);

-- --------------------------------------------------------

--
-- Table structure for table `training`
--

DROP TABLE IF EXISTS `training`;
CREATE TABLE IF NOT EXISTS `training` (
  `id` int(11) NOT NULL AUTO_INCREMENT,
  `model_id` varchar(60) COLLATE utf8_bin NOT NULL COMMENT 'Unique guid of the model',
  `status` varchar(45) COLLATE utf8_bin NOT NULL COMMENT 'Can be: success, fail, not trained',
  `message` varchar(200) COLLATE utf8_bin DEFAULT NULL COMMENT 'Details about the training status',
  `last_trained` datetime DEFAULT NULL COMMENT 'Last call for model training.',
  `num_users` int(11) NOT NULL DEFAULT 0 COMMENT 'Number of users on the sparce input matrix.',
  `num_items` int(11) NOT NULL DEFAULT 0 COMMENT 'Number of items on the sparce input matrix',
  `model_file` varchar(200) COLLATE utf8_bin DEFAULT NULL COMMENT 'Name of the generated model file.',
  `implicit` tinyint(1) NOT NULL COMMENT 'If trained with implicit feedback data',
  `explicit` tinyint(1) NOT NULL COMMENT 'If trained with explicit feedback',
  `content` tinyint(1) NOT NULL COMMENT 'If trained with content metadata user and item features',
  `test_percent` float DEFAULT NULL COMMENT 'Percent of disjoint test data from overall interactions',
  `learning_rate` float DEFAULT NULL COMMENT 'Learning rate value',
  `epochs` int(11) DEFAULT NULL COMMENT 'Data iterations',
  `loss` varchar(60) COLLATE utf8_bin DEFAULT NULL COMMENT 'Name of loss function used',
  `user_alpha` float DEFAULT 0 COMMENT 'L2 penalty on user features',
  `item_alpha` float DEFAULT 0 COMMENT 'L2 penalty on item features',
  PRIMARY KEY (`id`),
  KEY `fk_training_status_model1_idx` (`model_id`)
) ENGINE=InnoDB AUTO_INCREMENT=3 DEFAULT CHARSET=utf8 COLLATE=utf8_bin;

--
-- Dumping data for table `training`
--

INSERT INTO `training` (`id`, `model_id`, `status`, `message`, `last_trained`, `num_users`, `num_items`, `model_file`, `implicit`, `explicit`, `content`, `test_percent`, `learning_rate`, `epochs`, `loss`, `user_alpha`, `item_alpha`) VALUES
(1, '5d76cc181328534d8cb7d17c', 'not trained', '', '2021-08-26 13:28:52', 0, 0, '', 0, 0, 0, 0.2, 0, 0, '', 0, 0),
(2, '5d8cdb841328534298eacf4a', 'not trained', '', '2021-08-25 15:43:12', 0, 0, '', 0, 0, 0, 0.2, 0, 0, '', 0, 0);

--
-- Constraints for dumped tables
--

--
-- Constraints for table `explicit_log`
--
ALTER TABLE `explicit_log`
  ADD CONSTRAINT `fk_explicit_log_item1` FOREIGN KEY (`item_id`) REFERENCES `item` (`id`),
  ADD CONSTRAINT `fk_explicit_log_role1` FOREIGN KEY (`role_id`) REFERENCES `role` (`id`);

--
-- Constraints for table `implicit_log`
--
ALTER TABLE `implicit_log`
  ADD CONSTRAINT `fk_implicit_log_item1` FOREIGN KEY (`item_id`) REFERENCES `item` (`id`),
  ADD CONSTRAINT `fk_nav_log_role1` FOREIGN KEY (`role_id`) REFERENCES `role` (`id`);

--
-- Constraints for table `item`
--
ALTER TABLE `item`
  ADD CONSTRAINT `fk_output_category1` FOREIGN KEY (`category_id`) REFERENCES `category` (`id`),
  ADD CONSTRAINT `fk_output_model1` FOREIGN KEY (`model_id`) REFERENCES `model` (`id`);

--
-- Constraints for table `item_keyword`
--
ALTER TABLE `item_keyword`
  ADD CONSTRAINT `fk_item_keyword_item1` FOREIGN KEY (`item_id`) REFERENCES `item` (`id`);

--
-- Constraints for table `role_keyword`
--
ALTER TABLE `role_keyword`
  ADD CONSTRAINT `fk_role_keyword_role1` FOREIGN KEY (`role_id`) REFERENCES `role` (`id`);

--
-- Constraints for table `training`
--
ALTER TABLE `training`
  ADD CONSTRAINT `fk_training_status_model1` FOREIGN KEY (`model_id`) REFERENCES `model` (`id`);
COMMIT;

/*!40101 SET CHARACTER_SET_CLIENT=@OLD_CHARACTER_SET_CLIENT */;
/*!40101 SET CHARACTER_SET_RESULTS=@OLD_CHARACTER_SET_RESULTS */;
/*!40101 SET COLLATION_CONNECTION=@OLD_COLLATION_CONNECTION */;
